XJQHMnrelGc	You better bring these things to your next big Magic event! - MTG Spotlight Hobbit
1qpFij20v3Y	The best card isn't a rare or mythic... - MTG Hobbit
9Ufx-4f_KVM	My favorite interaction with Bilbo... - MTG Hobbit
SOEDtM0VNWI	Is it possible for an average MTG player to win the biggest tournament in Australia?
qlDtITTNUPQ	I'd grab these now... NEW Smaug combo alert! - MTG LotR
yQbig4ChbQc	Two weeks later, we got our answer... - MTG Bans June 30th
4lJ_RIuMbds	Opening $200 of Marvel Super Heroes so you don't have to! - MTG MSH
-ZV6dlalPHw	This Dr Doom Combo is EVIL - MTG Marvel Super Heroes Commander
EqiMm7vAxMM	This card might catch a DAY ONE BAN... - MTG Marvel Super Heroes
mbrFbPmBOwA	Checking out Disney Lorcana's Wilds Unknown - Brave, Incredibles and Toy Story!
X6BAuWGZuRA	Secrets Of Strixhaven - PACK CRACKING #2
CUcx9LzYQ1M	Secrets Of Strixhaven - PACK CRACKING #1
Z9Xga_SNcIM	I can't believe people played this format... - #mtg
7a8pSugcQVw	You could say this is a Heavy announcement...
bpHIhQNBWCE	Do Enchantments go to heaven? - MTG Lorwyn Eclipsed
yedaHAmbfCM	WotC put Sneak Attack into Standard... Kinda... - MTG Lorwyn Eclipsed
RRdwD5Em584	Do you *actually* know what triggers Wan Shi Tong? -  MTG Rules Question
hd_-ZpXsc-A	The best new 2 drops? - Riftbound Spiritforged PREVIEWS!
-zoNNih8aNY	How to get a FREE LEGENDARY Avatar Pet in MTG Arena!
J_EB7q4YsIk	Can Day of Black Sun stop the Earthbenders? - MTG Rules Question
RbUTJZugQC4	Why was this Frog in a tournament winning deck?
k82ETbisfVI	Can you bypass this protection? - MTG Rules Question
BYObMJY04nk	Do you know the rules about this rock? - MTG Rules - Edge of Eternities
zVV8GWEd7Bw	This is a SPICY Station deck... 🥵 - MTG Edge of Eternities
ohXaVXMQDIg	Did you know this about Warp? - MTG Edge of Eternities
Lj1DJ2DvMEE	There's a "no Rare/Mythic" infinite combo in Edge of Eternities limited...
lTIPuA_V4w4	Aang on a moment, this IS infinite - MTG Rules
YpGq7SXBsAo	Can the Darkness save me? - MTG Final Fantasy Rules Question
rkQAgiW4hNM	Deadpool VS Morph - Deadpool, Trading Card explained - MTG Rules
IOzqeTHQxk4	...and it can be done on TURN 3! - MTG x Final Fantasy #mtg #finalfantasy
AOsOblDkR68	Tishana HATES Final Fantasy Summons - MTG Rule Question
2i3GyUFYbIw	Tifa wins on TURN 3! 20 DMG STANDARD COMBO! - MTG x Final Fantasy
SEw_2TMkMG8	Pick this up BEFORE Final Fantasy releases!!! #MTG #finalfantasy
rVt_LBZJLrk	Check out this Lorcana Preview for Reign Of Jafar! #lorcana
slqkC5spec8	A New Way Forward to Win or Lose? - MTG Rules Question
bwby_VdhP3o	Deadpool and the Eldrazi - MTG Rules Question
-GnV_PMVwbU	🔥The HOT NEW way to lose all your friends while playing Commander!🔥
f7SnZHn5CdM	How well do you know Rooms? -  MTG Rules Question
jBWCXam0jw0	Trample + Doubling Damage - Rules Question
QuGpw1ioHPo	Rules Question - Go-Shintai of Life's Origin #mtg #magicthegathering
hWa2Na8HEpo	Damage doesn't destroy creatures... - RULES QUESTION
TL-iLcV5d64	20 DAMAGE Dragon Combo in Standard! - MTG Foundations
QxXCGE1sgXI	10+ year old Standard COMBO takes a new form thanks to Foundations...
jwbyUvpropc	What can you do with Jeweled Lotus now? -  MTG Commander bans
vyJnHdumsOk	😬You need to keep an eye on this Duskmourn card... 😬 #mtg #mtgduskmourn #mtgcommander #mtgstandard
4lrirfuDHZw	The Overlords of Beans... #mtgduskmourn #mtg
CoRy1gcTaUk	A TURN 2 WIN IN STANDARD? The most powerful Leyline of all time? #MTG #mtgduskmourn
4zg3t5UHthw	Rules Question: True Polymorph #mtg #magicthegathering
CAc9orKUtJk	How well do you know the Command Zone rules? - RULES QUESTION 5 - #mtgrules #magicthegathering
-hagjJAzex0	What's better than exiling ALL creatures? - Commander Combo #mtg #magicthegathering
CWh-pdyUpvM	How many counters will Calendar get? - RULES QUESTION 4 -  #MTGRules #magicthegathering
SKsT2i4SrD4	What is Lumra's P/T? - RULES QUESTION 3 -  #MTGRules #magicthegathering
1Z6E62pI3Y4	RULES QUESTION #2 - How many cards do I draw? #MTGRules #magicthegathering #mtgbloomburrow
9PdHNUIjZfk	Playing Cabal Coffers? You NEED these 5 lands in your deck!  #magicthegathering #mtg #mtgcombo
g8n8LmAadMo	RULES QUESTION - Does this creature have Flying? #MTGRules #magicthegathering
6i90wxGIe1U	Get your #MTGBloomburrow swag this season! Don't miss out!  #magicthegathering  #mtgblb
ViFTOotemac	NEW MECHANIC: Gift - Everything you need to know  #magicthegathering #mtgblb #mtgbloomburrow
yvDjxsu1HNA	Why is this card worded this way?  #magicthegathering #mtgblb #mtgbloomburrow
16zQe0agyCg	Playing Ulamog, the Defiler? You should know this rule! - #mtg #mtgmh3   #magicthegathering
-KlciMT1QF8	AVOID putting this land into your Colourless decks! #magicthegathering #mtg  #commander
yNWLfvWboBU	Dark Depths got broken again... - Modern Horizons 3 #magicthegathering  #mtg #mtgmh3 #commander
fooGgcNGJac	Will this artifact SAVE Modern? - Modern Horizon 3 - #mtg #mtgmh3  #magicthegathering
y6Qhwa-rvZA	A new DISCOUNTED BIG BOY! My MH3 Preview! #MH3 #MTG #magicthegathering
fNP5N-y3lZY	POWERFUL Legacy combo is now in Modern Horizons 3!!! #magicthegathering #mtg #mtgmh3
RE6aX_Y0DP0	Previously BANNED card back in a new form?! - Modern Horizons 3 #magicthegathering #MTGMH3 #mtg
LeltQjimaE0	This Modern Horizons 3 card is even better than you know it is!
u97TPdKPYFw	The BEST cards from Pro Tour OTJ #magicthegathering #mtg #mtgotj
I_w9XtCf_w8	Building a deck? You should know the TOP 3 search terms for Scryfall! #mtg #mtgcommander
giH82iwtjw0	PSA: THIS IS NOT A THUNDER JUNCTION COMBO! #magicthegathering #mtgrules #mtgotj
PqxDYVnWOuw	Legendary Artist got ripped off...  #magicthegathering  #mtgnews
uzNy3Ltx0dA	You need to know this about Thunder Junction's Modal Commander - Riku of Many Paths - MTG Rules
ilyED6M5-LI	SPREE Explained - Outlaws of Thunder Junction - MTG Rules
Xu8AuFy03K0	Playing Mothman? Learn Proliferate! #mtgxfallout #mtgcommander #shorts  #magicthegathering
rz9IwWeoPsA	Will a Fallout Uncommon break Legacy? #mtgxfallout #magicthegathering #mtg #mtgnews #shorts
wNenbQCIhhA	I can't believe this is the most EXPENSIVE Fallout Token #mtgxfallout #magicthegathering #shorts
ASTqKMn-EWg	These Extended Arts *CHEFS KISS*🤏 - Commander Masters Collector Booster
0CJCEFpdrz4	I CANNOT BELIEVE THE FIRST PACK LUCK! - Commander Masters Collector Booster
fA8rzqcAoFk	Awesome Realms card! - Collector Opening 3 #shorts #mtgxlotr #packopening #mtg #magicthegathering
nh_3HIv031I	DON'T TEMPT ME FRODO - Collector pack 2 - #shorts #magicthegathering #mtg #mtgxlotr #packopening
NDJRgNbtiJw	FOIL SWORD! - Collector Box opening - Pack 1 - #shorts #magicthegathering #mtgxlotr #packopening
8M3fYUcS1kk	The SHINIEST Box Topper - Collector Box opening #shorts #magicthegathering #mtg #mtgxlotr
hMCJM-ro7lc	FOIL MYTHICS! FOIL GOD! - Collector Pack 4 #shorts #magicthegathering #mtg
NAyxpyHVaj0	The BEST Realms card?- Collector Pack 3 #shorts #mtgxlotr #packopening #magicthegathering #mtg
xSpO6zTR7KA	I got another one! Collector Pack 2 #shorts #mtgxlotr #magicthegathering #mtg #packopening
b4pk42tWyQ8	Opening the BEST FOIL LAND - Collector Pack #short #mtgxlotr #magicthegathering
yw8SXA40Zho	What can you find in a SET Booster? #shorts #magicthegathering #marchofthemachine
AEYFjFPuRek	Collector Booster: What's inside? Is it worth it? #shorts #magicthegathering #marchofthemachine
C9yu_kOEQGw	That feeling when you open a Foil Ragavan 🙃 #shorts #magicthegathering #marchofthemachine
b-y8h4SU-w4	Mythic + Tutor! - Dominaria Remastered Collector Booster #1
HlPzrBufmsw	Is this the best foil in all of MTG 30? - Countdown Kit unboxing
ZQXJ8wL-T_U	My favorite Token EVER! - Unfinity Draft Booster
nSUQtcWEaNk	And they don't stop coming... #mtgspoilers
9VWDsQs7LMA	ALL FOILS - Unfinity Collector Booster
-18X1UEtg0Q	Awesome Mythic Pull! - Unfinity Draft Booster
VDRKNQV377k	Awesome Mythic Pull! - Dominaria United Set Booster
oMusCKCdo1E	Can I break even on a $2 Strixhaven pack? #3
PXFZDOf1UHc	Profit or Loss? $20 Collector Booster - Kamigawa: Neon Dynasty
pRTFrE2mnZY	Can I break even on a $2 Strixhaven pack? #2
gRPBFujF_EI	Can I break even on a $2 Strixhaven pack?
j7uB5fGsFnw	Sick Mythic Pull! - Dominaria United Collector Booster #2
3AIUPmgg4wk	6 RARE/MYTHIC Dominaria United Collector Booster + Box topper!
L7GCxxcVWQ0	5 RARES! Neon Kamigawa MTG - Collector Pack Opening #1
rSi2yzYeaKI	Praying to the Mystic Archive gods! Strixhaven - Set Pack Opening #1
OA9u6WxSA3M	D&D Battle for Baldur's Gate - Draft Pack Opening #2
fTvEjHFs3cA	D&D Adventure in the Forgotten Realms - Set Pack Opening #2
sRUL5BcR8bY	D&D Adventure in the Forgotten Realms - Set Pack Opening #1
9idS-XD8DHE	D&D Battle For Baldur's Gate - Draft Pack Opening 3
Fc6p8jqzd2c	D&D Adventure in the Forgotten Realms - Set Pack Opening
odDy8s3Q8Xg	D&D Battle for Baldur's Gate - Draft Pack Opening
-y4eHLBD-Ms	D&D Collector Boosters - Are they worth it?  #shorts
QfnzT1tdEMY	Another pretty good D&D Set pack opening  #shorts
KHUhJQOSSQg	MTG X Fortnite - Secret Land reveal! #shorts
lz2hZBAMC5Q	My BEST Double Masters 2022 Collectors pack
VV-vaxNoSaU	What are the odds? Luckiest pack opening #shorts
