CjN52QUGcZY	Stop Playing This In Your Wheel Decks!	36000	NA
cbLgsFtcMOA	Rhys the Redeemed | Ranking All Legends Day 691 #mtg	16000	NA
f027I8axF-k	Wort, the Raidmother | Ranking All Legends Day 690 #mtg	25000	NA
8JtL9-umIsg	MTG: Ranking All Legends Day 689 | Rosheen Meanderer #mtg	24000	NA
D8oI5DlGVY0	MTG: Ranking All Legends Day 688 | Sygg, River Cutthroat #mtg	15000	NA
ZxrssP0RdR0	MTG: Ranking All Legends Day 687 | Oona, Queen of the Fae #mtg	15000	NA
W0dvV5ZfRXU	Was MKM A Bad Set?	36000	NA
dUjduvSeFhY	MTG: Ranking All Legends Day 686 | Rhys the Exiled #mtg	15000	NA
5zO8FznrMD8	MTG: Ranking All Legends Day 685 | Maralen of the Mornsong #mtg	23000	NA
tlMJ3mgrel0	MTG: Ranking All Legends Day 684 | Vendilion Clique #mtg	14000	NA
fLLtbo6O0Aw	Just Proxy Duals!	164000	NA
2KVFGfDjPWY	MTG: Ranking All Legends Day 683 | Wydwen, the Biting Gale #mtg	14000	NA
2gO3qoqbx00	Why I quit Moxfield	248000	NA
WiMo8CX_gbg	Ignore the Snail	82000	NA
WRJNajfQVi8	He did what with Ghyrson Starn?!?!	49000	NA
cryurgDHcuY	What are people playing with Progenitus?	116000	NA
KKCwyadZkj0	More arguing about brackets with @attackoncardboard  #mtg	15000	NA
ezfiw19rAR8	Changes we would make to brackets! #mtg	13000	NA
Ur_Ib2JDEmA	MTG: Ranking All Legends Day 682 | Wort, Boggart Auntie #mtg	14000	NA
uNoAOZCxEdk	MTG: Ranking All Legends Day 681 | The Speed Demon #mtg	9400	NA
1rVAYKn5CPc	MTG: Ranking All Legends Day 680 | Sygg, River Guide #mtg	12000	NA
TQHY8Rtg24Q	MTG: Ranking All Legends Day 679 | Nath of the Gilt-Leaf #mtg	13000	NA
WhOrHMcA6rM	MTG: Ranking All Legends Day 678 | Horde of Notions #mtg	22000	NA
ME3vK4vk1ec	MTG: Ranking All Legends Day 677 | Gaddock Teeg #mtg	12000	NA
SMiV330Rj9c	MTG: Ranking All Legends Day 676 | Doran, the Siege Tower #mtg	17000	NA
7wkjg0dW1jM	MTG: Ranking All Legends Day 675 | Brion Stoutarm #mtg	14000	NA
ZmtCSbICPJ4	MTG: Ranking All Legends Day 674 | Ashling the Pilgrim #mtg	8600	NA
fDaMnRVPwXM	MTG: Ranking All Legends Day 673 | Brigid, Hero of Kinsbaile #mtg	10000	NA
vISaFtioBYY	MTG: Ranking All Legends Day 672 | Sliver Legion #mtg	10000	NA
0l_-Uom4mNA	MTG: Ranking All Legends Day 671 | Jhoira of the Ghitu #mtg	13000	NA
6-Xaj2-lS0s	MTG: Ranking All Legends Day 670 | Baru, Fist of Krosa #mtg	9200	NA
Hy9Kyo2vRVQ	MTG: Ranking All Legends Day 669 | Tarox Bladewing #mtg	9100	NA
6bBvnS9Yhtk	MTG: Ranking All Legends Day 668 | Korlash, Heir to Blackblade #mtg	10000	NA
H6P088xfwhY	MTG: Ranking All Legends Day 667 | Linessa, Zephyr Mage #mtg	8500	NA
Ohu95bP9Wh8	MTG: Ranking All Legends Day 666 | Venser, Shaper Savant #mtg	10000	NA
elxe2eaH_zM	MTG: Ranking All Legends Day 665 | Oriss, Samite Guardian #mtg	9100	NA
1R23hnxGJq4	MTG: Ranking All Legends Day 664 | Vorosh, the Hunter #mtg	8900	NA
ADR8zNoLBbo	MTG: Ranking All Legends Day 663 | Teneb, the Harvester #mtg	10000	NA
EmiadiOX2ok	MTG: Ranking All Legends Day 662 | Radha, Heir to Keld #mtg	10000	NA
czofIemxibk	MTG: Ranking All Legends Day 661 | Oros, the Avenger #mtg	9400	NA
mE_bQNsD770	MTG: Ranking All Legends Day 660 | Numot, the Devastator #mtg	10000	NA
pym-PZfBy-0	MTG: Ranking All Legends Day 659 | Intet, the Dreamer #mtg	10000	NA
eBQqskX-gSA	MTG: Ranking All Legends Day 658 | Jedit Ojanen of Efrava #mtg	9200	NA
NspBLAPzffg	MTG: Ranking All Legends Day 657 | Akroma, Angel of Fury #mtg	9600	NA
UNMkheZ1KeQ	MTG: Ranking All Legends Day 656 | Mirri the Cursed #mtg	10000	NA
Yv5b5LxuWsM	MTG: Ranking All Legends Day 655 | Braids, Conjurer Adept #mtg	10000	NA
DcjDIckkbSo	MTG: Ranking All Legends Day 654 | Crovax, Ascendant Hero #mtg	9500	NA
MakCzVxcTCs	MTG: Ranking All Legends Day 653 | Stonebrow, Krosan Hero #mtg	10000	NA
wAPiVGh2fdk	MTG: Ranking All Legends Day 652 | Scion of the Ur-Dragon #mtg	13000	NA
mYpDaxxpQ9k	MTG: Ranking All Legends Day 651 | Saffi Eriksdotter #mtg	9900	NA
wb0lKNQtVDg	MTG: Ranking All Legends Day 650 | Mishra, Artificer Prodigy #mtg	12000	NA
pzcuVJVZIz4	MTG: Ranking All Legends Day 649 | Kaervek the Merciless #mtg	10000	NA
vNgw3m5l4EQ	MTG: Ranking All Legends Day 648 | Ith, High Arcanist #mtg	9000	NA
nQy1bSeI_fE	MTG: Ranking All Legends Day 647 | Dralnu, Lich Lord #mtg	7400	NA
pfEzliz9MqU	MTG: Ranking All Legends Day 646 | Thelon of Havenwood #mtg	7500	NA
7FGog5tWzS8	MTG: Ranking All Legends Day 645 | Norin the Wary #mtg	14000	NA
36drKgEAUfQ	MTG: Ranking All Legends Day 644 | Jaya Ballard, Task Mage #mtg	8100	NA
49orTRSjFzA	MTG: Ranking All Legends Day 643 | Ib Halfheart, Goblin Tactician #mtg	10000	NA
UBQkaMDbSl0	MTG: Ranking All Legends Day 642 | Lim-Dûl the Necromancer #mtg	8200	NA
bHuy-ZYnOo8	MTG: Ranking All Legends Day 641 | Endrek Sahr, Master Breeder #mtg	15000	NA
qXsgyKaWlvw	MTG: Ranking All Legends Day 640 | Teferi, Mage of Zhalfir #mtg	10000	NA
aJskI399E_o	MTG: Ranking All Legends Day 639 | Tivadar of Thorn #mtg	9800	NA
9hiwAhD236w	MTG: Ranking All Legends Day 638 | Mangara of Corondor #mtg	10000	NA
SqCA7_qXcLk	MTG: Ranking All Legends Day 637 | Zur the Enchanter #mtg	15000	NA
-1wA1qiAxQo	MTG: Ranking All Legends Day 636 | Sek'Kuar, Deathkeeper #mtg	9100	NA
N90jSgQ051k	MTG: Ranking All Legends Day 635 | Garza Zol, Plague Queen #mtg	8200	NA
P1sUH0kIvDw	MTG: Ranking All Legends Day 634 | Lovisa Coldeyes #mtg	7100	NA
Gk2FMLoZ-Nc	MTG: Ranking All Legends Day 633 | Haakon, Stromgald Scourge #mtg	7900	NA
P7OCJvgP99I	MTG: Ranking All Legends Day 632 | Heidar, Rimewind Master #mtg	6200	NA
vqcP02jWWfY	MTG: Ranking All Legends Day 631 | Arcum Dagsson #mtg	9200	NA
fVhj8ZDP3Os	MTG: Ranking All Legends Day 630 | Darien, King of Kjeldor #mtg	9600	NA
pXkYfgF_23I	MTG: Ranking All Legends Day 629 | Rakdos the Defiler #mtg	7400	NA
uZOmtV5V19c	MTG: Ranking All Legends Day 628 | Momir Vig, Simic Visionary #mtg	8100	NA
oFxK9IbchU4	MTG: Ranking All Legends Day 627 | Lyzolda, the Blood Witch #mtg	8800	NA
NSpIGXFgcig	MTG: Ranking All Legends Day 626 | Isperia the Inscrutable #mtg	8200	NA
3XYMBV-RI8A	MTG: Ranking All Legends Day 625 | Grand Arbiter Augustin IV #mtg	13000	NA
CiP70dx9zgc	MTG: Ranking All Legends Day 624 | Experiment Kraj #mtg	9800	NA
clEgr5O54Yo	MTG: Ranking All Legends Day 623 | Ulasht, the Hate Seed #mtg	8800	NA
4t44PmWPK3I	MTG: Ranking All Legends Day 622 | Tibor and Lumia #mtg	8400	NA
dq4kJsz_iq0	MTG: Ranking All Legends Day 621 | Teysa, Orzhov Scion #mtg	10000	NA
pbov5PZBUzw	MTG: Ranking All Legends Day 620 | Niv-Mizzet, the Firemind #mtg	10000	NA
uREvwDa-GgQ	MTG: Ranking All Legends Day 619 | Ghost Council of Orzhova #mtg	10000	NA
_1v56RXRFQk	MTG: Ranking All Legends Day 618 | Borborygmos #mtg	7800	NA
yGqqJNvzoJ0	MTG: Ranking All Legends Day 617 | Tolsimir Wolfblood #mtg	6600	NA
nkghx3uyzis	MTG: Ranking All Legends Day 616 | Szadek, Lord of Secrets #mtg	7700	NA
G5aRm5uhEV4	I Entered A Deck Building Competition #mtg	16000	NA
sqOCb9MhDuQ	Storm Force of Nature is Boring	20000	NA
LewlnQdvY_Q	MTG: Ranking All Legends Day 615 | Sisters of Stone Death #mtg	7100	NA
NOpz0KdUIFc	MTG: Ranking All Legends Day 614 | Savra, Queen of the Golgari #mtg	8600	NA
uxmzUrgXeZc	MTG: Ranking All Legends Day 613 | Razia, Boros Archangel #mtg	6800	NA
9C4ScOznFpw	MTG: Ranking All Legends Day 612 | Circu, Dimir Lobotomist #mtg	10000	NA
HF8Tsh3e3X8	MTG: Ranking All Legends Day 611 | Chorus of the Conclave #mtg	8900	NA
SxdJR4Xl5ws	MTG: Ranking All Legends Day 610 | Agrus Kos, Wojek Veteran #mtg	8300	NA
vD3XIm_3Xjw	MTG: Ranking All Legends Day 609 | Iname as One #mtg	6800	NA
v5b1gv0BxFk	MTG: Ranking All Legends Day 608 | Sekki, Seasons' Guide #mtg	7600	NA
Q2dIw0m5PSQ	MTG: Ranking All Legends Day 607 | Sasaya, Orochi Ascendant #mtg	7800	NA
PI8i8kpM5-8	MTG: Ranking All Legends Day 606 | Reki, the History of Kamigawa #mtg	8100	NA
b1Mjwq_IkSo	MTG: Ranking All Legends Day 605 | Masumaro, First to Live #mtg	4500	NA
3UF52Xy8_9U	MTG: Ranking All Legends Day 604 | Bounteous Kirin #mtg	6000	NA
f3hViIlNgK8	MTG: Ranking All Legends Day 603 | Ayumi, the Last Visitor #mtg	6500	NA
Fit35YwC_qk	MTG: Ranking All Legends Day 602 | Arashi, the Sky Asunder #mtg	5800	NA
h0jvHA3My2c	MTG: Ranking All Legends Day 601 | Skyfire Kirin #mtg	6900	NA
JmBshPF0PRU	MTG: Ranking All Legends Day 600 | Jiwari, the Earth Aflame #mtg	8000	NA
vwmSZ_iVMZY	MTG: Ranking All Legends Day 599 | Iizuka the Ruthless #mtg	6300	NA
tUDw7S89VDo	MTG: Ranking All Legends Day 598 | Homura, Human Ascendant #mtg	5800	NA
eXf7YvjM5wE	MTG: Ranking All Legends Day 597 | Adamaro, First to Desire #mtg	10000	NA
5GyTFBT14G0	MTG: Ranking All Legends Day 596 | Maga, Traitor to Mortals #mtg	7300	NA
0XDyww1_WIU	MTG: Ranking All Legends Day 595 | Kuon, Ogre Ascendant #mtg	7800	NA
SNEpAvX07UI	MTG: Ranking All Legends Day 594 | Kagemaro, First to Suffer #mtg	5600	NA
3GZqolCXd50	MTG: Ranking All Legends Day 593 | Infernal Kirin #mtg	6900	NA
fuI4aAtKmDM	MTG: Ranking All Legends Day 592 | Akuta, Born of Ash #mtg	6700	NA
D4m31Prg7VQ	MTG: Ranking All Legends Day 591 | Soramaro, First to Dream #mtg	7000	NA
zej5Hc6TfiM	MTG: Ranking All Legends Day 590 | Sakashima the Impostor #mtg	7300	NA
PyAi6Qv0hHA	MTG: Ranking All Legends Day 589 | Kami of the Crescent Moon #mtg	9200	NA
w6oNaDvIhHM	MTG: Ranking All Legends Day 588 | Kaho, Minamo Historian #mtg	14000	NA
btKXTLH0xcM	MTG: Ranking All Legends Day 587 | Cloudhoof Kirin #mtg	6200	NA
kjwUKaf88_w	MTG: Ranking All Legends Day 586 | Rune-Tail, Kitsune Ascendant #mtg	9100	NA
DW8fT-kN498	MTG: Ranking All Legends Day 585 | Michiko Konda, Truth Seeker #mtg	7000	NA
RiarYgWdpVg	MTG: Ranking All Legends Day 584 | Kiyomaro, First to Stand #mtg	7600	NA
qFP8cblnynM	MTG: Ranking All Legends Day 583 | Kataki, War's Wage #mtg	7400	NA
4UP0eATnRKA	MTG: Ranking All Legends Day 582 | Celestial Kirin #mtg	9400	NA
s44gQFJAszc	MTG: Ranking All Legends Day 581 | Shizuko, Caller of Autumn #mtg	5900	NA
3GV7Vyss-Lo	MTG: Ranking All Legends Day 580 | Sakiko, Mother of Summer #mtg	7600	NA
xiJ67A68sAk	MTG: Ranking All Legends Day 579 | Patron of the Orochi #mtg	7200	NA
W0IGrXdeJHs	The Best Mana Dork You Haven't Seen  #mtg	11000	NA
rFaiMcaEm6U	MTG: Ranking All Legends Day 578 | The Lord of Pain #mtg	9700	NA
eg4EHNskRfQ	MTG: Ranking All Legends Day 577 | Kodama of the Center Tree #mtg	7600	NA
pFSW77LsQsI	MTG: Ranking All Legends Day 576 | Iwamori of the Open Fist #mtg	8900	NA
GGls7yj_V04	MTG: Ranking All Legends Day 575 | Isao, Enlightened Bushi #mtg	7200	NA
_3zDtqq1dus	MTG: Ranking All Legends Day 574 | Patron of the Akki #mtg	8200	NA
gZaQFPUS4fY	MTG: Ranking All Legends Day 573 | Mannichi, the Fevered Dream #mtg	7500	NA
abHwtX32ge4	MTG: Ranking All Legends Day 572 | Ishi-Ishi, Akki Crackshot #mtg	8800	NA
qokPPTDy4wQ	MTG: Ranking All Legends Day 571 | Heartless Hidetsugu #mtg	11000	NA
8vnf8utXbyc	MTG: Ranking All Legends Day 570 | Fumiko the Lowblood #mtg	7200	NA
nV1Yf11J6Pk	MTG: Ranking All Legends Day 569 | Yukora, the Prisoner #mtg	7400	NA
xu127GwRhi8	MTG: Ranking All Legends Day 568 | Toshiro Umezawa #mtg	11000	NA
hBPCCyPTLiI	MTG: Ranking All Legends Day 567 | Shirei, Shizo's Caretaker #mtg	10000	NA
MJ-NFpQwSZI	MTG: Ranking All Legends Day 566 | Patron of the Nezumi #mtg	5500	NA
wa0ZXgehaHc	MTG: Ranking All Legends Day 565 | Kyoki, Sanity's Eclipse #mtg	6700	NA
AbJsBk7xUTk	MTG: Ranking All Legends Day 564 | Ink-Eyes, Servant of Oni #mtg	7400	NA
2W2nGL_tnaw	MTG: Ranking All Legends Day 563 | Tomorrow, Azami's Familiar #mtg	9500	NA
VSEaJIbfLZI	MTG: Ranking All Legends Day 562 | Patron of the Moon #mtg	10000	NA
ton5Nk4dW-c	MTG: Ranking All Legends Day 561 | Kira, Great Glass-Spinner #mtg	6600	NA
5b4_aePZwdc	MTG: Ranking All Legends Day 560 | Higure, the Still Wind #mtg	7500	NA
TtiDKyxvu6c	The Best Ramp Spell You Haven't Seen  #mtg	30000	NA
tcC_5yjyrYw	MTG: Ranking All Legends Day 559 | Chisei, Heart of Oceans #mtg	6500	NA
CWFjESZRaEQ	MTG: Ranking All Legends Day 558 | Yomiji, Who Bars the Way #mtg	6400	NA
atoscm1oEmI	MTG: Ranking All Legends Day 557 | Patron of the Kitsune #mtg	9700	NA
ltjdbTVr5xk	MTG: Ranking All Legends Day 556 | Oyobi, Who Split the Heavens #mtg	8100	NA
ygZGoIU6oHk	MTG: Ranking All Legends Day 555 | Opal-Eye, Konda's Yojimbo #mtg	6100	NA
2zcYpL1Y3IU	MTG: Ranking All Legends Day 554 | Kentaro, the Smiling Cat #mtg	6300	NA
VubVjgX928E	MTG: Ranking All Legends Day 553 | Hokori, Dust Drinker #mtg	15000	NA
BRVwGnaNAUA	MTG: Ranking All Legends Day 552 | Sosuke, Son of Seshiro #mtg	8200	NA
fObYNkSjceM	Slicer and Hexproof	10000	NA
80tgCxBJANg	MTG: Ranking All Legends Day 551 | Shisato, Whispering Hunter #mtg	6600	NA
F5pV54-zc-Y	MTG: Ranking All Legends Day 550 | Seshiro the Anointed #mtg	7900	NA
P34zSRKZ_5o	MTG: Ranking All Legends Day 549 | Sachi, Daughter of Seshiro #mtg	5200	NA
4U17bffXQe4	MTG: Ranking All Legends Day 548 | Myojin of Life's Web #mtg	6200	NA
QgeDRMTWNKs	MTG: Ranking All Legends Day 547 | Kodama of the South Tree #mtg	8600	NA
189arfL-zPo	MTG: Ranking All Legends Day 546 | Kodama of the North Tree #mtg	6000	NA
VrABfUI1UKg	MTG: Ranking All Legends Day 545 | Jugan, the Rising Star #mtg	6400	NA
wZDcknGwmUM	MTG: Ranking All Legends Day 544 | Iname, Life Aspect #mtg	5100	NA
Dabr3rItKa0	MTG: Ranking All Legends Day 543 | Dosan the Falling Leaf #mtg	8000	NA
a2uxajNbowk	MTG: Ranking All Legends Day 542 | Azusa, Lost but Seeking #mtg	8000	NA
7iviPUHzSbU	MTG: Ranking All Legends Day 541 | Zo-Zu the Punisher #mtg	8600	NA
WFGRFWTuP1w	MTG: Ranking All Legends Day 540 | Shimatsu the Bloodcloaked #mtg	6000	NA
fB2AccuIHY0	MTG: Ranking All Legends Day 539 | Ryusei, the Falling Star #mtg	4900	NA
XyB3RPHo4m8	MTG: Ranking All Legends Day 538 | Myojin of Infinite Rage #mtg	7400	NA
6NO6riSG0e0	MTG: Ranking All Legends Day 537 | Kumano, Master Yamabushi #mtg	7100	NA
HaT7ykHSHTM	The Best Flubs the Fool Card You Missed #mtg	43000	NA
3EXeL7vinq8	MTG: Ranking All Legends Day 536 | Kiki-Jiki, Mirror Breaker #mtg	12000	NA
RYMTNTvTpX8	MTG: Ranking All Legends Day 535 | Godo, Bandit Warlord #mtg	13000	NA
1uLxBhTgaOw	MTG: Ranking All Legends Day 534 | Brothers Yamazaki #mtg	11000	NA
0SLgIitr-ZI	MTG: Ranking All Legends Day 533 | Ben-Ben, Akki Hermit #mtg	16000	NA
kMHELw2uXX8	MTG: Ranking All Legends Day 532 | Seizan, Perverter of Truth #mtg	7300	NA
JhHcqyhvVgw	MTG: Ranking All Legends Day 531 | Myojin of Night's Reach #mtg	5400	NA
RUugG-vtcLY	MTG: Ranking All Legends Day 530 | Marrow-Gnawer #mtg	8000	NA
leVrMxUtFEE	MTG: Ranking All Legends Day 529 | Kuro, Pitlord #mtg	11000	NA
W-YrNgCa_b4	Play EDH With Me At San Diego Comic-Con #mtg	1600	NA
b3-guZCMhGY	MTG: Ranking All Legends Day 528 | Kokusho, the Evening Star #mtg	7400	NA
MtwMwMWcv4E	MTG: Ranking All Legends Day 527 | Kiku, Night's Flower #mtg	6100	NA
uKLTp9Lngto	MTG: Ranking All Legends Day 526 | Iname, Death Aspect #mtg	8600	NA
MIolcsfMHZ4	MTG: Ranking All Legends Day 525 | Horobi, Death's Wail #mtg	7300	NA
yTzDtRBYZ4o	MTG: Ranking All Legends Day 524 | He Who Hungers #mtg	5000	NA
wcKU0bnPbLw	MTG: Ranking All Legends Day 523 | Uyo, Silent Prophet #mtg	5800	NA
ysnIXgW5kvE	MTG: Ranking All Legends Day 522 | The Unspeakable #mtg	12000	NA
YUFKQ57g3V4	The Budget Urborg, Tomb of Yawgmoth #mtg	6900	NA
qmNn_WZp2cs	The Bloomburrow Common You Missed #mtg	12000	NA
tqzBd7GESOc	MTG: Ranking All Legends Day 521 | Myojin of Seeing Winds #mtg	6700	NA
_0ZTy8HyFfs	MTG: Ranking All Legends Day 520 | Meloku the Clouded Mirror #mtg	6700	NA
kQn5kjpCugY	MTG: Ranking All Legends Day 519 | Keiga, the Tide Star #mtg	7100	NA
K6iBkrqNc2A	MTG: Ranking All Legends Day 518 | Hisoka, Minamo Sensei #mtg	5800	NA
PM4P06nJVeo	MTG: Ranking All Legends Day 517 | Azami, Lady of Scrolls #mtg	7500	NA
U7tSwLeYTVA	MTG: Ranking All Legends Day 516 | Yosei, the Morning Star #mtg	5200	NA
is8QazRw6gQ	MTG: Ranking All Legends Day 515 | Takeno, Samurai General #mtg	4900	NA
tZcAigGPFdM	MTG: Ranking All Legends Day 514 | Sensei Golden-Tail #mtg	6700	NA
OGXjsxHkE5s	MTG: Ranking All Legends Day 513 | Nagao, Bound by Honor #mtg	6600	NA
sN3DTSlQKp4	MTG: Ranking All Legends Day 512 | Myojin of Cleansing Fire #mtg	5200	NA
F7w7kQqyJzI	MTG: Ranking All Legends Day 511 | Masako the Humorless #mtg	8900	NA
2neW_LOB6Kw	The New Stigma Lasher	7200	NA
1VgrWT1otj4	MTG: Ranking All Legends Day 510 | Konda, Lord of Eiganjo #mtg	9200	NA
wIGHb2up8y0	MTG: Ranking All Legends Day 509 | Isamaru, Hound of Konda #mtg	9400	NA
oR4CpWDRzJ8	MTG: Ranking All Legends Day 508 | Hikari, Twilight Guardian #mtg	7600	NA
bF5ibfdoaKc	MTG: Ranking All Legends Day 507 | Eight-and-a-Half-Tails #mtg	11000	NA
ko9wDZUYsO8	MTG: Ranking All Legends Day 506 | Raksha Golden Cub #mtg	5200	NA
lzr_6mKbTz8	MTG: Ranking All Legends Day 505 | Memnarch #mtg	10000	NA
p5msUc2fv2c	MTG: Ranking All Legends Day 504 | Slobad, Goblin Tinkerer #mtg	5400	NA
7bJhAdmIXGM	The Better Growth Spiral	10000	NA
jag9rq6N8Tg	MTG: Ranking All Legends Day 503 | Bosh, Iron Golem #mtg	7000	NA
QpKW047661s	MTG: Ranking All Legends Day 502 | Glissa Sunseeker #mtg	10000	NA
3H6I5g3AoGA	MTG: Ranking All Legends Day 501 | Sliver Overlord #mtg	14000	NA
MZNTJ0gSMNQ	MTG: Ranking All Legends Day 500 | Karona, False God #mtg	19000	NA
0NZViiKvzRk	MTG: Ranking All Legends Day 499 | Bladewing the Risen #mtg	6600	NA
pNhy8y5gMVk	MTG: Ranking All Legends Day 498 | Phage the Untouchable #mtg	11000	NA
P0eeECofYn8	MTG: Ranking All Legends Day 497 | Mistform Ultimus #mtg	10000	NA
aJZ7zc98dvk	MTG: Ranking All Legends Day 496 | Akroma, Angel of Wrath #mtg	6300	NA
fXysauLkoIA	MTG: Ranking All Legends Day 495 | Silvos, Rogue Elemental #mtg	5300	NA
B-qGQFmSleU	MTG: Ranking All Legends Day 494 | Kamahl, Fist of Krosa #mtg	9400	NA
b9-wRRFCPwQ	MTG: Ranking All Legends Day 493 | Rorix Bladewing #mtg	9500	NA
Dk5Lk6l_pCM	MTG: Ranking All Legends Day 492 | Visara the Dreadful #mtg	5100	NA
7O6n3nIdrkA	MTG: Ranking All Legends Day 491 | Ixidor, Reality Sculptor #mtg	4700	NA
qVFSKh_YCJU	The Blue Swords to Plowshares #mtg	10000	NA
k00EhRyxaxE	MTG: Ranking All Legends Day 490 | Arcanis the Omnipotent #mtg	6900	NA
R-8y_Bt4j-A	MTG: Ranking All Legends Day 489 | Jareth, Leonine Titan #mtg	5200	NA
ExyAeB6AYpE	MTG: Ranking All Legends Day 488 | Thriss, Nantuko Primus #mtg	5800	NA
E2t9bxqpszA	MTG: Ranking All Legends Day 487 | Jeska, Warrior Adept #mtg	9300	NA
srWfOvFAE2M	MTG: Ranking All Legends Day 486 | Balthor the Defiled #mtg	8700	NA
dfyBWe3V2Tg	MTG: Ranking All Legends Day 485 | Commander Eesha #mtg	6600	NA
iitNOzqljtg	The New Farewell is Bad #mtg	8400	NA
sIWsclpPewQ	MTG: Ranking All Legends Day 484 | Balthor the Stout #mtg	9400	NA
vn4A0DeD-xc	MTG: Ranking All Legends Day 483 | Chainer, Dementia Master #mtg	6600	NA
Fh3lGK88M5k	MTG: Ranking All Legends Day 482 | Llawan, Cephalid Empress #mtg	4200	NA
UXe4BeEYg6A	MTG: Ranking All Legends Day 481 | Ambassador Laquatus #mtg	4200	NA
tJWLXWn1-68	MTG: Ranking All Legends Day 480 | Major Teroh #mtg	7200	NA
ae0JtsU6maA	MTG: Ranking All Legends Day 479 | Atogatog #mtg	7200	NA
8Z5t9uCewBY	MTG: Ranking All Legends Day 478 | Seton, Krosan Protector #mtg	7600	NA
YbtGJrs4DSs	MTG: Ranking All Legends Day 477 | Kamahl, Pit Fighter #mtg	8300	NA
Hszhv48UIro	MTG: Ranking All Legends Day 476 | Cabal Patriarch #mtg	4300	NA
gkLYiVZjB-w	MTG: Ranking All Legends Day 475 | Aboshan, Cephalid Emperor #mtg	8400	NA
m-23vFPnndk	MTG: Ranking All Legends Day 474 | Pianna, Nomad Captain #mtg	4500	NA
hkQ-4hzjuHo	MTG: Ranking All Legends Day 473 | Lieutenant Kirtar #mtg	3700	NA
beVPmNrGDTQ	You Are Playing Moraug Wrong #mtg	19000	NA
JWhw8hagRZA	MTG: Ranking All Legends Day 472 | Cromat #mtg	10000	NA
OLMieQ-aVwg	MTG: Ranking All Legends Day 471 | Gerrard Capashen #mtg	4400	NA
WNi9bb2DLm4	MTG: Ranking All Legends Day 470 | Ertai, the Corrupted #mtg	4800	NA
979-5-NQghM	MTG: Ranking All Legends Day 469 | Nemata, Grove Guardian #mtg	4900	NA
xJftHG0d4hU	MTG: Ranking All Legends Day 468 | Tahngarth, Talruum Hero #mtg	4700	NA
IfCLifTZM4s	Top 5 Three Mana Counterspells Still Worth Playing #mtg	5400	NA
pXVFBI2vCJ8	MTG: Ranking All Legends Day 467 | Tsabo Tavoc #mtg	8600	NA
Yr_oNbRHNEk	MTG: Ranking All Legends Day 466 | Treva, the Renewer #mtg	6700	NA
yYy7NCezhpE	MTG: Ranking All Legends Day 465 | Rith, the Awakener #mtg	4200	NA
cCMUhh2w_i4	MTG: Ranking All Legends Day 464 | Kangee, Aerie Keeper #mtg	7500	NA
E_tZYzXmmgA	MTG: Ranking All Legends Day 463 | Hanna, Ship's Navigator #mtg	6500	NA
bpEuEIk07UU	MTG: Ranking All Legends Day 462 | Dromar, the Banisher #mtg	6700	NA
zbFQPU4Yp_A	MTG: Ranking All Legends Day 461 | Darigaaz, the Igniter #mtg	3000	NA
WhSCui0HzoM	The Best New Emerge Commander	10000	NA
RWwsEAefbXc	MTG: Ranking All Legends Day 460 | Crosis, the Purger #mtg	4600	NA
D1EdHpIidRE	MTG: Ranking All Legends Day 459 | Captain Sisay #mtg	5200	NA
XY1-jLfuXDw	MTG: Ranking All Legends Day 458 | Verdeloth the Ancient #mtg	6400	NA
UsAyfjZKRaI	MTG: Ranking All Legends Day 457 | Molimo, Maro-Sorcerer #mtg	3900	NA
YbIK43Z-hdA	MTG: Ranking All Legends Day 456 | Empress Galina #mtg	3700	NA
lnkN1hAhBDA	MTG: Ranking All Legends Day 455 | Blind Seer #mtg	7900	NA
0jLp5KU7wdw	MTG: Ranking All Legends Day 454 | Reya Dawnbringer #mtg	7900	NA
3G05ncarWqw	MTG: Ranking All Legends Day 453 | Atalya, Samite Master #mtg	3800	NA
OIoZynuVz6U	MTG: Ranking All Legends Day 452 | Jolrael, Empress of Beasts #mtg	6500	NA
8A5c3VsLr7o	MTG: Ranking All Legends Day 451 | Latulla, Keldon Overseer #mtg	5700	NA
4v7AzPxXc7c	MTG: Ranking All Legends Day 450 | Greel, Mind Raker #mtg	4600	NA
i1nyYYCtwfE	MTG: Ranking All Legends Day 449 | Alexi, Zephyr Mage #mtg	5400	NA
7MfHiwzFzY0	MTG: Ranking All Legends Day 448 | Mageta the Lion #mtg	7500	NA
Slg_epu1JqE	MTG: Ranking All Legends Day 447 | Volrath the Fallen #mtg	7300	NA
OgZJ93CZfHg	Sword of Wealth and Power Sucks #mtg	18000	NA
CH0jOW58FLs	MTG: Ranking All Legends Day 446 | Ascendant Evincar #mtg	7300	NA
oDQkjF2rftg	MTG: Ranking All Legends Day 445 | Lin Sivvi, Defiant Hero #mtg	3700	NA
O1ngsAERnkE	The Best Creature from Outlaws of Thunder Junction You Missed	6700	NA
qjpP31uUwFk	MTG: Ranking All Legends Day 444 | Squee, Goblin Nabob #mtg	4300	NA
BJa6ldXX6nQ	MTG: Ranking All Legends Day 443 | Cho-Manno, Revolutionary #mtg	6600	NA
vdwTYyvdxU4	MTG: Ranking All Legends Day 442 | Rayne, Academy Chancellor #mtg	5500	NA
v0bYVpgAYaM	MTG: Ranking All Legends Day 441 | Zuo Ci, the Mocking Sage #mtg	3000	NA
8UnkH1UOt0A	MTG: Ranking All Legends Day 440 | Meng Huo, Barbarian King #mtg	3500	NA
fQC4fMXVW4s	MTG: Ranking All Legends Day 439 | Lady Zhurong, Warrior Queen #mtg	3300	NA
wB2FpIqwwZw	MTG: Ranking All Legends Day 438 | Hua Tuo, Honored Physician #mtg	4200	NA
jr9CarJKN2w	MTG: Ranking All Legends Day 437 | Yuan Shao, the Indecisive #mtg	3200	NA
olhsi84zcn0	MTG: Ranking All Legends Day 436 | Ma Chao, Western Warrior #mtg	5100	NA
bFcdRCvnTiY	MTG: Ranking All Legends Day 435 | Lu Bu, Master-at-Arms #mtg	3800	NA
5Shm-D9zYg4	MTG: Ranking All Legends Day 434 | Dong Zhou, the Tyrant #mtg	4100	NA
BGDhFPpjujc	MTG: Ranking All Legends Day 433 | Diaochan, Artful Beauty #mtg	7100	NA
KQ0cCnojdB4	MTG: Ranking All Legends Day 432 | Zhang Liao, Hero of Hefei #mtg	3000	NA
Y6izsrFYaOs	The Best Crime Creature in Outlaws at Thunder Junction	6500	NA
uFXT8slkBx8	MTG: Ranking All Legends Day 431 | Zhang He, Wei General #mtg	2200	NA
7SZDaKCMoRI	MTG: Ranking All Legends Day 430 | Xun Yu, Wei Advisor #mtg	5800	NA
_MVUIN77vJU	MTG: Ranking All Legends Day 429 | Xiahou Dun, the One-Eyed #mtg	4200	NA
8T6WUiMk6Wk	MTG: Ranking All Legends Day 428 | Sima Yi, Wei Field Marshal #mtg	3700	NA
8v1hD_JO-kE	MTG: Ranking All Legends Day 427 | Cao Ren, Wei Commander #mtg	2100	NA
7Gs7q7rKXkU	MTG: Ranking All Legends Day 426 | Cao Cao, Lord of Wei #mtg	6800	NA
fRbnUtsUFZI	MTG: Ranking All Legends Day 425 | Zhuge Jin, Wu Strategist #mtg	7900	NA
aIQSLb5jUHA	MTG: Ranking All Legends Day 424 | Zhou Yu, Chief Commander #mtg	3600	NA
hZYkSUBre3w	MTG: Ranking All Legends Day 423 | Sun Quan, Lord of Wu #mtg	5600	NA
dViEVTB-BP0	Did Outlaws of Thunder Junction Break this Card? #mtg	7100	NA
KEuCC0jYpxg	MTG: Ranking All Legends Day 422 | Sun Ce, Young Conquerer #mtg	4600	NA
D4SSIGLT5g8	MTG: Ranking All Legends Day 421 | Lu Xun, Scholar General #mtg	5700	NA
2D_SsuEb6oI	MTG: Ranking All Legends Day 420 | Lu Su, Wu Advisor #mtg	3500	NA
WzQiKofN4kw	MTG: Ranking All Legends Day 419 | Lu Meng, Wu General #mtg	2900	NA
PeKtng5_sWY	Jace is Back!  #mtg #spoilers	11000	NA
X2tNHSaHyLE	The Surveil Lands Are Goated	10000	NA
XtBdRe9jCV4	MTG: Ranking All Legends Day 418 | Lady Sun #mtg	4600	NA
KZmctKUAKwI	MTG: Ranking All Legends Day 417 | Zhao Zilong, Tiger General #mtg	2800	NA
xi8MJDa5dHg	MTG: Ranking All Legends Day 416 | Zhang Fei, Fierce Warrior #mtg	5200	NA
jYQRtimjT3M	MTG: Ranking All Legends Day 415 | Pang Tong, "Young Phoenix" #mtg	1900	NA
Q0efKuoNOIQ	MTG: Ranking All Legends Day 414 | Liu Bei, Lord of Shu #mtg	9200	NA
bUBOPIwsXJ4	MTG: Ranking All Legends Day 413 | Kongming, "Sleeping Dragon" #mtg	7300	NA
7Hjx_g8n1Cg	The Best Card from Fallout | Rose, Cutthroat Raider #mtg	11000	NA
E4LZdl5T0KE	MTG: Ranking All Legends Day 412 | Huang Zhong, Shu General #mtg	8200	NA
FoW49uDU8H4	MTG: Ranking All Legends Day 411 | Guan Yu, Sainted Warrior #mtg	3700	NA
0L3Hr--4kh0	MTG: Ranking All Legends Day 410 | Multani, Maro-Sorcerer #mtg	3200	NA
18gLN4sA80Q	MTG: Ranking All Legends Day 409 | Radiant, Archangel #mtg	10000	NA
1zDrFHYRbBU	MTG: Ranking All Legends Day 408 | Karn, Silver Golem #mtg	9500	NA
DdXc7BBYSbU	MTG: Ranking All Legends Day 407 | Barrin, Master Wizard #mtg	7100	NA
xlRZJ2OdENc	MTG: Ranking All Legends Day 406 | Mirri, Cat Warrior #mtg	3900	NA
8v14-pmonbk	The New Best Assassin Commander | Ezio Auditore da Firenze  #mtg	14000	NA
yNhWqp-3Tdc	MTG: Ranking All Legends Day 405 | Ertai, Wizard Adept #mtg	4600	NA
iytCG3HENf4	MTG: Ranking All Legends Day 404 | Sliver Queen #mtg	6700	NA
Xs309X9HT_w	MTG: Ranking All Legends Day 403 | Crovax the Cursed #mtg	3900	NA
GKELzZKY_Kw	MTG: Ranking All Legends Day 402 | Vhati il-Dal #mtg	4300	NA
sd0A2gZB70w	MTG: Ranking All Legends Day 401 | Selenia, Dark Angel #mtg	5600	NA
PmizbI7q_Zo	MTG: Ranking All Legends Day 400| Eladamri, Lord of Leaves #mtg	4300	NA
sJJii21Iqic	MTG: Ranking All Legends Day 399 | Starke of Rath #mtg	4600	NA
hk3EbKOvDE4	MTG: Ranking All Legends Day 398 | Commander Greven il-Vec #mtg	2500	NA
eOPfZvWPpiU	MTG: Ranking All Legends Day 397 | Orim, Samite Healer #mtg	3900	NA
4TyzEpo8p90	The New Cultivate  #mtg	4200	NA
9-n1E9Ikgpo	Lock Your EDH Pod Out of the Game With This Two Card Combo #mtg	11000	NA
tI7fbpGDB4U	MTG: Ranking All Legends Day 396 | Maraxus of Keld #mtg	3800	NA
pT8OwfVoitw	MTG: Ranking All Legends Day 395 | Morinfen #mtg	6900	NA
0tLDDiPTgf8	MTG: Ranking All Legends Day 394 | Gallowbraid #mtg	5000	NA
YsVc1uwUBp0	MTG: Ranking All Legends Day 393 | Asmira, Holy Avenger #mtg	3000	NA
no9UQ2Xzp2I	MTG: Ranking All Legends Day 392| Zirilan of the Claw #mtg	5100	NA
i2UsIsdtTKQ	Emrakul is Back  #mtg	28000	NA
fDHZg8AWN9A	MTG: Ranking All Legends Day 391 | Telim'Tor #mtg	2200	NA
6VLbyrlqr5U	Don't Play Roaming Throne in this Deck  #mtg	22000	NA
iz3WsZT68MA	MTG: Ranking All Legends Day 390 | Hivis of the Scale #mtg	3300	NA
E-v9_g4O_7w	MTG: Ranking All Legends Day 389 | Spirit of the Night #mtg	2800	NA
VHGQjbXwYo4	MTG: Ranking All Legends Day 388 | Shauku, Endbringer #mtg	3500	NA
eg_XdFs0EBw	MTG: Ranking All Legends Day 387 | Purraj of Urborg #mtg	3600	NA
LUX5Ut4tCDA	MTG: Ranking All Legends Day 386 | Taniwha #mtg	8200	NA
DGklioXaGWY	MTG: Ranking All Legends Day 385 | Hakim, Loreweaver #mtg	4100	NA
nIP9WcMIDLo	MTG: Ranking All Legends Day 384 #mtg	6100	NA
c0T9cqyLeEQ	MTG: Ranking All Legends Day 383 #mtg	3500	NA
XtNOG_-IYqw	MTG: Ranking All Legends Day 382 #mtg	4000	NA
4PWsnvZCC80	This $4 Card Can One Shot Any Player	11000	NA
greLuzeNsqI	The Best Card From Murders at Karlov Manor  #mtg	3000	NA
72zI615EHv4	MTG: Ranking All Legends Day 381 #mtg	3600	NA
b0h-6Sy2zgU	MTG: Ranking All Legends Day 380 #mtg	5500	NA
mRNRF_8_Pi4	MTG: Ranking All Legends Day 379 #mtg	1900	NA
QWdbCxt1iGI	MTG: Ranking All Legends Day 378 #mtg	1800	NA
YYUtOyvmTio	MTG: Ranking All Legends Day 377 #mtg	2600	NA
aZd76wT4NPs	MTG: Ranking All Legends Day 376 #mtg	5400	NA
SFb30ahzqes	MTG: Ranking All Legends Day 375 #mtg	7100	NA
O00_t_j4T4I	MTG: Ranking All Legends Day 374 #mtg	3200	NA
VKaO2DUmKnM	MTG: Ranking All Legends Day 373 #mtg	3700	NA
ogAFZvylgP4	MTG: Ranking All Legends Day 372 #mtg	5400	NA
4EOCnxzwVck	MTG: Ranking All Legends Day 371 #mtg	4900	NA
8m2lsLs0ygA	MTG: Ranking All Legends Day 370 #mtg	4900	NA
sU65AH7TM-o	MTG: Ranking All Legends Day 369 #mtg	2000	NA
UKoWP4sldO0	MTG: Ranking All Legends Day 368 #mtg	1600	NA
hCeRqyuzgx4	MTG: Ranking All Legends Day 367 #mtg	3400	NA
7tk6fRkuhdc	MTG: Ranking All Legends Day 366 #mtg	1900	NA
qiIOsBBIO2k	MTG: Ranking All Legends Day 365 #mtg	858	NA
n-FjaPCQMQ4	MTG: Ranking All Legends Day 364 #mtg	2800	NA
tYKtpnCKaOM	MTG: Ranking All Legends Day 363 #mtg	3500	NA
B0X9MeCd8kc	The Best Blue Reanimation Spell Yet #mtg #mtgspoilers	1900	NA
QOWQ4nagTJs	MTG: Ranking All Legends Day 362 #mtg	1700	NA
n3aU85qJk4A	Corporeal Projection a new EDH Finisher  #mtg	1800	NA
qqJfFluwaeE	MTG: Ranking All Legends Day 361 #mtg	1800	NA
RHTjviYCTTA	MTG: Ranking All Legends Day 360 #mtg	3700	NA
4Owu-i958D8	MTG: Ranking All Legends Day 359 #mtg	4100	NA
HH0TWRiBIjc	Cheat Creatures into Play with this Unknown Card	7900	NA
tqri93URKCY	MTG: Ranking All Legends Day 358 #mtg	4500	NA
Bc6nMT2_74s	MTG: Ranking All Legends Day 357 #mtg	2000	NA
dggrBxvgsgk	MTG: Ranking All Legends Day 356 #mtg	2200	NA
K3yEujlIUsA	MTG: Ranking All Legends Day 355 #mtg	1800	NA
of5l0sI5K4A	MTG: Ranking All Legends Day 354 #mtg	4700	NA
wyLzhz3PxyI	MTG: Ranking All Legends Day 353 #mtg	2200	NA
V2kmFqC3y3E	MTG: Ranking All Legends Day 352 #mtg	3600	NA
Tds6E_TTz5o	MTG: Ranking All Legends Day 351 #mtg	4600	NA
PS5Ad0GU-Z0	MTG: Ranking All Legends Day 350 #mtg	10000	NA
hMf6dr-A2-U	MTG: Ranking All Legends Day 349 #mtg	3400	NA
uEsFsGNY2ms	MTG: Ranking All Legends Day 348 #mtg	7000	NA
d9GWM2Hf4cE	MTG: Ranking All Legends Day 347 #mtg	6500	NA
9CbIR5j5msw	The Better Snapcaster Mage  #mtg	4800	NA
CVIP9HzNOis	MTG: Ranking All Legends Day 346 #mtg	2200	NA
8qzld3rmuYE	MTG: Ranking All Legends Day 345 #mtg	4300	NA
9DMz2mD_e6U	MTG: Ranking All Legends Day 344 #mtg	11000	NA
wCsZbwcuTu4	MTG: Ranking All Legends Day 343 #mtg	4000	NA
yU0ZrBxpcrs	MTG: Ranking All Legends Day 342 #mtg	4300	NA
6_E48tgQVO8	MTG: Ranking All Legends Day 341 #mtg	8400	NA
clk6zoEGakE	MTG: Ranking All Legends Day 340 #mtg	4000	NA
2quknrvu24U	MTG: Ranking All Legends Day 339 #mtg	4800	NA
LhE6f73qWG8	MTG: Ranking All Legends Day 338 #mtg	4400	NA
GQGrfxHC4sE	MTG: Ranking All Legends Day 337 #mtg	2900	NA
auV0mnVFbBs	MTG: Ranking All Legends Day 336 #mtg	2100	NA
bcrIl_HaGLQ	MTG: Ranking All Legends Day 335 #mtg	2600	NA
4zUu22pCPpk	Magic's Most Festive Card  #mtg	2100	NA
Ei9xz_Fxld4	MTG: Ranking All Legends Day 334 #mtg	5800	NA
RhWUlb44OpA	MTG: Ranking All Legends Day 333 #mtg	1700	NA
d0qQOjt0hpA	You Are Playing Myriad Landscape Wrong  #mtg	8700	NA
zXMo8UpyCSs	MTG: Ranking All Legends Day 332 #mtg	1800	NA
TnHab98-Kqg	MTG: Ranking All Legends Day 331 #mtg	5900	NA
wTn1-fGFgmw	MTG: Ranking All Legends Day 330 #mtg	2900	NA
ZBBGt1-sRhI	MTG: Ranking All Legends Day 329 #mtg	3400	NA
bx_dGNkwnyU	MTG: Ranking All Legends Day 328 #mtg	6300	NA
Ufvz6Cmf0CY	MTG: Ranking All Legends Day 327 #mtg	5000	NA
jGOr2UfYhkU	MTG: Ranking All Legends Day 326 #mtg	3700	NA
BDE4ZumstKE	MTG: Ranking All Legends Day 325 #mtg	1400	NA
pscc6BM6clU	MTG: Ranking All Legends Day 324 #mtg	1400	NA
CAewlB0XDQ4	MTG: Ranking All Legends Day 323 #mtg	3400	NA
Q4A98NWMpC4	MTG: Ranking All Legends Day 322 #mtg	1600	NA
-t3rbQKGs3s	My Favorite Card From The Lost Caverns of Ixalan #mtg	1300	NA
QFe8t4osf-k	MTG: Ranking All Legends Day 321 #mtg	5300	NA
qrEqTW1F4tQ	MTG: Ranking All Legends Day 320 #mtg	1500	NA
CKoWieF8W_E	Card Frames: Has Science Gone Too Far? | The Worst Visual Design in Magic the Gathering #mtg	7900	NA
qyue7Wgyhhg	MTG: Ranking All Legends Day 319 #mtg	1700	NA
kzf7KU0dI3A	The Most Underrated Temur Commander #mtg	33000	NA
kvWOmpzivwM	MTG: Ranking All Legends Day 318 #mtg	2400	NA
l-F6pTu8tJQ	MTG: Ranking All Legends Day 317 #mtg	3100	NA
IjM6Wi11Yf4	MTG: Ranking All Legends Day 316 #mtg	4000	NA
A2fEiXefAcU	MTG: Ranking All Legends Day 315 #mtg	3700	NA
1zsb9ARGz7w	MTG: Ranking All Legends Day 314 #mtg	3500	NA
X0xJSV5MGls	MTG: Ranking All Legends Day 313 #mtg	2300	NA
QtRPOw-5xVc	MTG: Ranking All Legends Day 312 #mtg	5100	NA
x7jqPnKSoug	MTG: Ranking All Legends Day 311 #mtg	5300	NA
Dryq_pWnVJA	MTG: Ranking All Legends Day 310 #mtg	3800	NA
7XRsdy2bok4	MTG: Ranking All Legends Day 309 #mtg	5400	NA
STSNF0IsvYQ	MTG: Ranking All Legends Day 308 #mtg	3500	NA
60D36idzE-I	MTG: Ranking All Legends Day 307 #mtg	3800	NA
e3lBh-GHpuA	MTG: Ranking All Legends Day 306 #mtg	1800	NA
cnzJo5yCvu4	The Best Budget Aura You Haven't Seen #mtg	8500	NA
gMTMJyCGLR8	MTG: Ranking All 2022 Legends Day 305 #mtg	1700	NA
Q2h9MF77rlo	MTG: Ranking All 2022 Legends Day 304 #mtg	3700	NA
IqBKrylAVMc	MTG: Ranking All 2022 Legends Day 303 #mtg	1800	NA
7AmdsxTNdT0	MTG: Ranking All 2022 Legends Day 302 #mtg	1500	NA
fM6CGzpzW14	MTG: Ranking All 2022 Legends Day 301 #mtg	5800	NA
J3sFMI2s-J0	MTG: Ranking All 2022 Legends Day 300 #mtg	9600	NA
phoT_Yr8YtU	MTG: Ranking All 2022 Legends Day 299 #mtg	3100	NA
23eHlJJ7Qm8	MTG: Ranking All 2022 Legends Day 298 #mtg	1400	NA
_bTL4-mcORY	MTG: Ranking All 2022 Legends Day 297 #mtg	1300	NA
tIs2kmPs_60	MTG: Ranking All 2022 Legends Day 296 #mtg	2000	NA
zsKHfxKclTo	MTG: Ranking All 2022 Legends Day 295 #mtg	5900	NA
QF4TPaPddY0	MTG: Ranking All 2022 Legends Day 294 #mtg	1100	NA
ggY9oWPo880	MTG: Ranking All 2022 Legends Day 293 #mtg	1500	NA
-w0dic9ZUjw	MTG: Ranking All 2022 Legends Day 292 #mtg	1100	NA
T-jdocgYdbs	MTG: Ranking All 2022 Legends Day 291 #mtg	5500	NA
vkTWg14Qf44	MTG: Ranking All 2022 Legends Day 290 #mtg	3100	NA
3lMs61KWSoc	MTG: Ranking All 2022 Legends Day 289 #mtg	949	NA
QZgg7ENGUGA	MTG: Ranking All 2022 Legends Day 288 #mtg	5000	NA
jILS20Ir15A	MTG: Ranking All 2022 Legends Day 287 #mtg	7800	NA
KQ2c3IiaerM	MTG: Ranking All 2022 Legends Day 286 #mtg	894	NA
i7GIjnokkuw	MTG: Ranking All 2022 Legends Day 285 #mtg	894	NA
eWO5Zuihsjg	MTG: Ranking All 2022 Legends Day 284 #mtg	860	NA
LQH2brhWC6M	MTG: Ranking All 2022 Legends Day 283 #mtg	767	NA
qlNw7mmoSZA	MTG: Ranking All 2022 Legends Day 282 #mtg	2100	NA
2Xq4Ec07Kn8	MTG: Ranking All 2022 Legends Day 281 #mtg	2000	NA
m79UGziV_lE	MTG: Ranking All 2022 Legends Day 280 #mtg	590	NA
rfIfQ469haQ	MTG: The Best New Tribal Support Card #mtg	4300	NA
PziLrbbLuVY	MTG: Ranking All 2022 Legends Day 279 #mtg	810	NA
RIN027pFF7w	MTG: Ranking All 2022 Legends Day 278 #mtg	1300	NA
qv4aXH03z3c	MTG: Ranking All 2022 Legends Day 277 #mtg	708	NA
T0WMQY55i-Y	The Most Busted Politics Card You Haven't Heard of #mtg	2100	NA
cxCHtU61hA4	MTG: Ranking All 2022 Legends Day 276 #mtg	3500	NA
fSdL9bxKuiQ	MTG: Ranking All 2022 Legends Day 275 #mtg	1500	NA
8zDLb8bzR1I	MTG: Ranking All 2022 Legends Day 274 #mtg	1600	NA
BLIwvWrhi1s	MTG: Ranking All 2022 Legends Day 273 #mtg	755	NA
WQCJ7vWV71U	The New Best Energy Commander #mtg	8200	NA
JI2NAgURXO0	MTG: Ranking All 2022 Legends Day 272 #mtg	1000	NA
jPGnKBWAdak	MTG: Ranking All 2022 Legends Day 271 #mtg	853	NA
WQSVNa-Neeo	MTG: Ranking All 2022 Legends Day 270 #mtg	805	NA
N8MjC6DgsUU	MTG: Ranking All 2022 Legends Day 269 #mtg	1200	NA
VaZdI4I4-ns	MTG: Ranking All 2022 Legends Day 268 #mtg	1100	NA
_-ZNCO1zJYs	MTG: Ranking All 2022 Legends Day 267 #mtg	2000	NA
z2xnAt3mIWM	MTG: Ranking All 2022 Legends Day 266 #mtg	1000	NA
aBGRpSiRjiM	MTG: Ranking All 2022 Legends Day 265 #mtg	933	NA
jxrQqBiLARs	MTG: Ranking All 2022 Legends Day 264 #mtg	1500	NA
_Xn1QdEhL-Q	MTG: Ranking All 2022 Legends Day 263 #mtg	3200	NA
FCLMB-GgzBc	MTG: Ranking All 2022 Legends Day 262 #mtg	1600	NA
4cQmAt2p9L8	MTG: Ranking All 2022 Legends Day 261 #mtg	1700	NA
67B5ByBVrNE	MTG: Ranking All 2022 Legends Day 260 #mtg	1000	NA
K99sccR5mYk	MTG: Ranking All 2022 Legends Day 259 #mtg	3100	NA
SBDklayiGjc	MTG: Ranking All 2022 Legends Day 258 #mtg	1300	NA
BDMYEuW9EG0	MTG: Ranking All 2022 Legends Day 257 #mtg	919	NA
h4YeedjERIk	How to Make A Commander Game Last Forever	17000	NA
8cuaryvVoNo	MTG: Ranking All 2022 Legends Day 256 #mtg	3800	NA
vlrrWynvgT8	Is this the new best dinosaur commander? #mtg	21000	NA
4tyTZwSasCY	MTG: Ranking All 2022 Legends Day 255 #mtg	1000	NA
qDGr6CLgdkk	MTG: Ranking All 2022 Legends Day 254 #mtg	1900	NA
xjP577tjxXU	MTG: Ranking All 2022 Legends Day 253 #mtg	2200	NA
4jFUyFbx564	MTG: Ranking All 2022 Legends Day 252 #mtg	25000	NA
v3QQxiMVrY8	MTG: Ranking All 2022 Legends Day 251 #mtg	1900	NA
xu1lmV1Ode4	MTG: Ranking All 2022 Legends Day 250 #mtg	2900	NA
2LwBnty2v1Y	MTG: Ranking All 2022 Legends Day 249 #mtg	1800	NA
3k-ipUrTYnY	MTG: Ranking All 2022 Legends Day 248 #mtg	1100	NA
D6sk-ZCbgow	MTG: Ranking All 2022 Legends Day 247 #mtg	810	NA
7dA6f68VSfU	They Put Jeff Goldblum On A Card!?!?  #mtg	9500	NA
RWxsHp-OLQQ	MTG: Ranking All 2022 Legends Day 246 #mtg	13000	NA
Y_NpK41mUfY	MTG: Ranking All 2022 Legends Day 245 #mtg	764	NA
TJrsizzddWE	MTG: Ranking All 2022 Legends Day 244 #mtg	1000	NA
g50dnJfhaXo	MTG: Ranking All 2022 Legends Day 243 #mtg	778	NA
8EY55QfSHpU	MTG: Ranking All 2022 Legends Day 242 #mtg	992	NA
xhDkg0vm66s	MTG: Ranking All 2022 Legends Day 241 #mtg	5800	NA
qNtgPwfP2yc	MTG: Ranking All 2022 Legends Day 240 #mtg	1500	NA
4roo45VOcEE	MTG: Ranking All 2022 Legends Day 239 #mtg	745	NA
aY0t9GaBXEE	MTG: Ranking All 2022 Legends Day 238 #mtg	1000	NA
tQdGwRRO9Is	MTG: Ranking All 2022 Legends Day 237 #mtg	1100	NA
vWkmrkHT9Es	MTG: Ranking All 2022 Legends Day 236 #mtg	945	NA
H1zATjImuxM	The Weirdest Wilds of Eldraine Card	5300	NA
99rbCc1aOuM	MTG: Ranking All 2022 Legends Day 235 #mtg	2100	NA
NiG6DMxo-js	MTG: Ranking All 2022 Legends Day 234 #mtg	832	NA
lHU9E_rUu98	MTG: Ranking All 2022 Legends Day 233 #mtg	3500	NA
T4EJEM-qBBY	MTG: Ranking All 2022 Legends Day 232 #mtg	687	NA
G8yIz7vN4IU	MTG: Ranking All 2022 Legends Day 231 #mtg	1000	NA
A7r0VPDgdmk	MTG: Ranking All 2022 Legends Day 230 #mtg	998	NA
b3krgdzUvcA	MTG: Ranking All 2022 Legends Day 229 #mtg	1200	NA
aESq9vzc5WU	MTG: Ranking All 2022 Legends Day 228 #mtg	882	NA
Lz5qtXWpLsI	MTG: Ranking All 2022 Legends Day 227 #mtg	1000	NA
rkwj5db804E	MTG: Ranking All 2022 Legends Day 226 #mtg	572	NA
KFsG30jNFnk	The Most Explosive Rakdos Commander	4100	NA
_pENl-T82hk	MTG: Ranking All 2022 Legends Day 225 #mtg	610	NA
_YIIqKGU-Dg	MTG: Ranking All 2022 Legends Day 224 #mtg	1000	NA
oU7FJ0VSwR4	MTG: Ranking All 2022 Legends Day 223 #mtg	750	NA
paxM1gRxGMo	MTG: Ranking All 2022 Legends Day 222 #mtg	710	NA
QBjqUhfdZm8	MTG: Ranking All 2022 Legends Day 221 #mtg	1200	NA
-g0KMzT6JQc	MTG: Ranking All 2022 Legends Day 220 #mtg	866	NA
RMb08GQwb6I	MTG: Ranking All 2022 Legends Day 219 #mtg	3600	NA
rGNHf-DRjKo	MTG: Ranking All 2022 Legends Day 218 #mtg	1100	NA
Md8u66qE-Tg	MTG: Ranking All 2022 Legends Day 217 #mtg	995	NA
D7EQ2E5zxRQ	MTG: Ranking All 2022 Legends Day 216 #mtg	925	NA
hdvt68TAfno	MTG: Ranking All 2022 Legends Day 215 #mtg	930	NA
kGHwyA1E1Ys	MTG: Ranking All 2022 Legends Day 214 #mtg	1100	NA
4ufFI0cxHtM	MTG: Ranking All 2022 Legends Day 213 #mtg	538	NA
OKzBMHadVSI	MTG: Ranking All 2022 Legends Day 212 #mtg	943	NA
a4YMY19Ug5I	MTG: Ranking All 2022 Legends Day 211 #mtg	836	NA
qzi1FcHBSz4	MTG: Ranking All 2022 Legends Day 210 #mtg	1400	NA
p8BMaCGEX9Q	MTG: Ranking All 2022 Legends Day 209 #mtg	1300	NA
QmDmcOOQlyA	The Most Busted Card in Wilds of Eldraine  #mtg	16000	NA
UwHOM_hpz7M	MTG: Ranking All 2022 Legends Day 208 #mtg	848	NA
Y54_UuLQdvA	MTG: Ranking All 2022 Legends Day 207 #mtg	2800	NA
5GvBgnvlHE0	The New Best Equipment Commander #mtg	4300	NA
Jnb8C_i1mk8	MTG: Ranking All 2022 Legends Day 206 #mtg	1100	NA
K8AOZPn4zzE	MTG: Ranking All 2022 Legends Day 205	519	NA
3whoMcwn6w8	The New Worst Board Wipe #mtg	17000	NA
gcGM0yeeoPw	MTG: Ranking All 2022 Legends Day 204	3100	NA
SOpb7fLo8BI	MTG: Ranking All 2022 Legends Day 203	1200	NA
GGpabZqBrxE	MTG: Ranking All 2022 Legends Day 202	1200	NA
J81keIh_Bvs	MTG: Ranking All 2022 Legends Day 201	716	NA
qhS3_WS1Rxw	MTG: Ranking All 2022 Legends Day 200	1100	NA
t_AVHU5fKXU	MTG: Ranking All 2022 Legends Day 199	845	NA
U4_VEJ_gGHc	MTG: Ranking All 2022 Legends Day 198	946	NA
37reE715cdk	The Best Unfinished Land Cycle You Haven't Seen	963	NA
sUS-voKTTjQ	MTG: Ranking All 2022 Legends Day 197	1100	NA
fOlfJjFfgtI	MTG: Ranking All 2022 Legends Day 196	2400	NA
xQkCOMl9S6c	MTG: Ranking All 2022 Legends Day 195	1400	NA
0LnOluq_XRA	MTG: Ranking All 2022 Legends Day 194	1100	NA
lxCy2UKq1XA	The Best New Suspend Commander	23000	NA
eqs4joxx860	MTG: Ranking All 2022 Legends Day 193	2200	NA
v6LJhRcieRo	MTG: Ranking All 2022 Legends Day 192	773	NA
ZSxF1zLm1yU	MTG: Ranking All 2022 Legends Day 191	893	NA
7wGmjnswsQc	MTG: Ranking All 2022 Legends Day 190	827	NA
w68YWqhi0f8	MTG: The New White Craterhoof Behemoth	847	NA
nyP-_fv7rog	MTG: Ranking All 2022 Legends Day 189	6600	NA
62bREWzb3wE	MTG: Ranking All 2022 Legends Day 188	1300	NA
5FX4AwaomX4	MTG: Ranking All 2022 Legends Day 187	1000	NA
HytKpzRMDgo	MTG: Ranking All 2022 Legends Day 186	1000	NA
OOIAQNLVgew	MTG: Ranking All 2022 Legends Day 185	1200	NA
BWk77dYk_5Y	MTG: Ranking All 2022 Legends Day 184	732	NA
Mjc5xg5DXBI	MTG: Ranking All 2022 Legends Day 183	972	NA
kgJQqQ2jCWY	MTG: Ranking All 2022 Legends Day 182	864	NA
H44y3S1sEAs	MTG: Ranking All 2022 Legends Day 181	1400	NA
VZfpttw6CKM	MTG: Ranking All 2022 Legends Day 180	1200	NA
OXWjpN-fKqA	MTG: Ranking All 2022 Legends Day 179	791	NA
pvpKvGw_ep4	MTG: Ranking All 2022 Legends Day 178	1600	NA
ZK-6SmfpW44	MTG: The Best Mono-Black Counterspell	4400	NA
tTDt2WcqfuY	MTG: Ranking All 2022 Legends Day 177	662	NA
aD0ZnbxTtJs	MTG: Ranking All 2022 Legends Day 176	928	NA
de4y7StJru8	MTG: Ranking All 2022 Legends Day 175	768	NA
kvdeP0in8i8	MTG: Ranking All 2022 Legends Day 174	1100	NA
riGmEyW1D7o	MTG: Ranking All 2022 Legends Day 173	1200	NA
FLqZvh9wr0U	MTG: Ranking All 2022 Legends Day 172	651	NA
lqwmOZVfAsM	MTG: Ranking All 2022 Legends Day 171	743	NA
sjOgIDiL--w	MTG: Ranking All 2022 Legends Day 170	878	NA
BIa2KwM09QM	MTG: Ranking All 2022 Legends Day 169	968	NA
QHgzgFuLObY	MTG: Ranking All 2022 Legends Day 168	891	NA
CQUPQPVoa3Q	MTG: Ranking All 2022 Legends Day 167	1100	NA
WGIRslamRcM	MTG: Ranking All 2022 Legends Day 166	1000	NA
-lbvUuEmWCo	MTG: Ranking All 2022 Legends Day 165	1100	NA
SaZDiahaaL0	MTG: Ranking All 2022 Legends Day 164	703	NA
3kOvwdVYVB4	MTG: Ranking All 2022 Legends Day 163	2300	NA
l5v5ULGmUBk	MTG: Ranking All 2022 Legends Day 162	1100	NA
hGe1n05MCc4	MTG: Ranking All 2022 Legends Day 161	1500	NA
PgvfD6TXEZU	MTG: Ranking All 2022 Legends Day 160	1000	NA
O0viAPXs1i8	MTG: The One of One Ring Was Found!	8800	NA
zVY5ruwzI6o	MTG: Ranking All 2022 Legends Day 159	874	NA
3WG8eDRoaHo	MTG: Ranking All 2022 Legends Day 158	1700	NA
ZjSUr5V9FGo	MTG: Ranking All 2022 Legends Day 157	884	NA
Z_LxrWOJTB8	MTG: Ranking All 2022 Legends Day 156	780	NA
EDBnbCI9V7o	MTG: Ranking All 2022 Legends Day 155	1100	NA
a_AeiWvZ3Kw	MTG: Ranking All 2022 Legends Day 154	1000	NA
wNZOCD27H9c	MTG: Ranking All 2022 Legends Day 153	1800	NA
_a-EUgN6Uyw	MTG: Ranking All 2022 Legends Day 152	907	NA
1CWConm3e7o	MTG: Ranking All 2022 Legends Day 151	1700	NA
pfFP3Js2nAY	MTG: Ranking All 2022 Legends Day 150	1200	NA
Gw4KWaQCslI	MTG: Ranking All 2022 Legends Day 149	1500	NA
M5kYFHvOkYc	MTG: Ranking All 2022 Legends Day 148	878	NA
BUI7_WUao_o	MTG: Ranking All 2022 Legends Day 147	1100	NA
pckN-RXB08M	MTG: Ranking All 2022 Legends Day 146	760	NA
ADuWo3Vl8CA	MTG: Ranking All 2022 Legends Day 145	746	NA
S601WlSvRog	MTG: Ranking All 2022 Legends Day 144	923	NA
SlpDQLvV05k	MTG: Ranking All 2022 Legends Day 143	1700	NA
XbN-RrgWddY	MTG: Ranking All 2022 Legends Day 142	1300	NA
MLdEbEw1eJs	MTG: Ranking All 2022 Legends Day 141	3400	NA
MTZgdue0OSA	MTG: Ranking All 2022 Legends Day 140	900	NA
yBtWrp2bqZs	MTG: Ranking All 2022 Legends Day 139	1000	NA
KcC0FLXV968	MTG: Ranking All 2022 Legends Day 138	903	NA
x2H5QBWtyXk	The New Best Graveyard Hate	1600	NA
PiAZeEjmXHw	MTG: Ranking All 2022 Legends Day 137	1000	NA
paPaOg5Qy4U	The Best Tribal Spider Commander	32000	NA
LHW9NTPhUSg	MTG: Ranking All 2022 Legends Day 136	1700	NA
LvIUscgti3g	MTG: Ranking All 2022 Legends Day 135	1200	NA
O5--5j2Tmz4	MTG: Ranking All 2022 Legends Day 134	1200	NA
6gDwucT7ZkQ	MTG: Ranking All 2022 Legends Day 133	965	NA
vFM0fgWMqW4	MTG: Ranking All 2022 Legends Day 132	1100	NA
_AsP0cwky_A	MTG: Ranking All 2022 Legends Day 131	1900	NA
Vm-SqJI_3dQ	MTG: Ranking All 2022 Legends Day 130	1000	NA
PAvlLkRZV60	MTG: Ranking All 2022 Legends Day 129	1500	NA
gxwiZY1X85Q	MTG: Ranking All 2022 Legends Day 128	1100	NA
tWfjVLRldWs	MTG: Ranking All 2022 Legends Day 127	846	NA
a0I6bV_yBFA	MTG: Ranking All 2022 Legends Day 126	1200	NA
saUJ8yObVo4	MTG: Ranking All 2022 Legends Day 125	736	NA
Tc-_B0esJ_U	MTG: Ranking All 2022 Legends Day 124	922	NA
rad4p_Tbu5I	MTG: Ranking All 2022 Legends Day 123	539	NA
uDwIJ0jZK0o	MTG: Ranking All 2022 Legends Day 122	1100	NA
6Vy2J9uZHoY	The Most Anti Blue Blue Card	34000	NA
Rea0T_-MGWE	MTG: Ranking All 2022 Legends Day 121	717	NA
eUvOQDN8cw8	MTG: Ranking All 2022 Legends Day 120	957	NA
uHQS0Aik6AM	MTG: Ranking All 2022 Legends Day 119	1200	NA
9QFq-l4O15E	MTG: Ranking All 2022 Legends Day 118	1000	NA
Lv8CL6cMJ-w	MTG: Ranking All 2022 Legends Day 117	781	NA
aV0qERPJtEM	MTG: Ranking All 2022 Legends Day 116	918	NA
Vo-X1a9UVuk	MTG: Ranking All 2022 Legends Day 115	2000	NA
FSgFfEvU92U	MTG: Ranking All 2022 Legends Day 114	1100	NA
JiGQezIbGaQ	MTG: Ranking All 2022 Legends Day 113	922	NA
C6es8M18x-4	MTG: Ranking All 2022 Legends Day 112	1000	NA
5G7FExt_yPU	MTG: Ranking All 2022 Legends Day 111	1000	NA
bnsZyi8lgK8	MTG: Ranking All 2022 Legends Day 110	997	NA
cKNnMk_jdTA	MTG: Ranking All 2022 Legends Day 109	3100	NA
wI85CJ6UaZE	MTG: Ranking All 2022 Legends Day 108	675	NA
noEGQ1Dc6aM	MTG: Ranking All 2022 Legends Day 107	1300	NA
JrmHelQZeig	MTG: Ranking All 2022 Legends Day 106	3900	NA
Jscsn8y6q3g	MTG: Ranking All 2022 Legends Day 105	1200	NA
UJ4UhhA9SQg	MTG: Ranking All 2022 Legends Day 104	614	NA
c-6X99bSJzQ	MTG: Ranking All 2022 Legends Day 103	959	NA
vAHQW7asrjY	MTG: Ranking All 2022 Legends Day 102	811	NA
vtRnnucztHI	MTG: Ranking All 2022 Legends Day 101	768	NA
IItwmhIhV6A	MTG: The Next Best Stax Commander	8700	NA
yiKchOl_2iM	MTG: Ranking All 2022 Legends Day 100	710	NA
XOWL6SExgRc	MTG: Ranking All 2022 Legends Day 99	628	NA
CqV-bpgWLGk	MTG: Ranking All 2022 Legends Day 98	946	NA
MQNMxMwiFT0	MTG: The Joke Card that Became Real	4300	NA
Yb-Q0pcOCDU	MTG: Ranking All 2022 Legends Day 97	616	NA
wdk1aQZpKGQ	MTG: Ranking All 2022 Legends Day 96	656	NA
MWDho5hHmBg	MTG: Ranking All 2022 Legends Day 95	625	NA
P-k44Q9NpY0	MTG: Ranking All 2022 Legends Day 94	873	NA
khzo-ur3hMc	MTG: Ranking All 2022 Legends Day 93	721	NA
PODWVDxXqoA	MTG: Ranking All 2022 Legends Day 92	899	NA
jbsXP6Up_XE	MTG: Ranking All 2022 Legends Day 91	595	NA
3GlakLw116g	MTG: Ranking All 2022 Legends Day 90	893	NA
UaRiCIM4bEw	MTG: Ranking All 2022 Legends Day 89	1300	NA
CoreCcF_6JM	MTG: Ranking All 2022 Legends Day 88	747	NA
iAb9RJ7KmBg	MTG: Ranking All 2022 Legends Day 87	2600	NA
KyEd7-Z5cgU	MTG: Ranking All 2022 Legends Day 86	1700	NA
dEfWMMG9GFU	MTG: Ranking All 2022 Legends Day 85	2600	NA
eeAmWxRvH4E	MTG: Ranking All 2022 Legends Day 84	1800	NA
vssTLa1A1Qk	MTG: Ranking All 2022 Legends Day 83	917	NA
ckfh8kD0_ko	MTG: Ranking All 2022 Legends Day 82	548	NA
hrajZjX2WGY	MTG: Ranking All 2022 Legends Day 81	1600	NA
E3HSEPxIAkg	MTG: Ranking All 2022 Legends Day 80	1800	NA
RyOD0gxEO00	MTG: Ranking All 2022 Legends Day 79	577	NA
RLOer_Rz0rI	MTG: Ranking All 2022 Legends Day 78	653	NA
2o6L9HhNi60	MTG: Ranking All 2022 Legends Day 77	1600	NA
T-TePWLNHTE	MTG: Ranking All 2022 Legends Day 76	2000	NA
ngnr6AQAyl0	MTG: Ranking All 2022 Legends Day 75	2000	NA
caaqu8syTK4	MTG: Ranking All 2022 Legends Day 74	2000	NA
C1wRDglPHrY	MTG: Ranking All 2022 Legends Day 73	1300	NA
8yk8YcGhZkM	MTG: Ranking All 2022 Legends Day 72	1900	NA
Ejt695EwZdo	MTG: Ranking All 2022 Legends Day 71	2000	NA
Botti9qZwBs	MTG: Ranking All 2022 Legends Day 70	1000	NA
-ijGuJ-iRd8	MTG: Ranking All 2022 Legends Day 69	1900	NA
IHakaKtJC7k	MTG: Ranking All 2022 Legends Day 68	1600	NA
tNZlUU6O2i4	MTG: Ranking All 2022 Legends Day 67	758	NA
MmcTQCQgZuA	MTG: Ranking All 2022 Legends Day 66	1800	NA
EL-0_BZ13Ts	MTG: Ranking All 2022 Legends Day 65	1900	NA
7U5KF_a4UOU	MTG: Ranking All 2022 Legends Day 64	1000	NA
9WtPmvmMAnU	MTG: Ranking All 2022 Legends Day 63	1400	NA
5VdtCEo5QiI	MTG: Ranking All 2022 Legends Day 62	2300	NA
fZRcGQ_7YeY	MTG: Wrenn and Realmbreaker March of the Machines Spoiler	1200	NA
bSbzI4SCtdo	MTG: Ranking All 2022 Legends Day 61	1100	NA
hJneGObyT_Q	MTG: Ranking All 2022 Legends Day 60	2400	NA
n5vWyj3e6dE	MTG: Ranking All 2022 Legends Day 59	623	NA
LQUg-MJxcOU	MTG: Ranking All 2022 Legends Day 58	1500	NA
_CNRZoWRD_c	MTG: Ranking All 2022 Legends Day 57	905	NA
4aGNaqSbRzo	MTG: Ranking All 2022 Legends Day 56	1000	NA
2T7dXlelrm0	MTG: Ranking All 2022 Legends Day 55	2400	NA
ZJNLAbWmP-M	MTG: Ranking All 2022 Legends Day 54	1600	NA
-bj5eAKjV6E	MTG: Ranking All 2022 Legends Day 53	1200	NA
kTpxy9hNSuw	MTG: Ranking All 2022 Legends Day 52	638	NA
11eALNexkBE	MTG: The Rarest Magic Card	2300	NA
POUQimc2Vfw	MTG: Ranking All 2022 Legends Day 51	994	NA
h4qVCpijGG0	MTG: Ranking All 2022 Legends Day 50	1200	NA
9nwDrWZp8fA	MTG: Ranking All 2022 Legends Day 49	2100	NA
1QbZg9_N15w	MTG: Ranking All 2022 Legends Day 48	1200	NA
qinsJe8wAyU	MTG: Ranking All 2022 Legends Day 47	3000	NA
7dA1x3KEXkc	MTG: Ranking All 2022 Legends Day 46	1200	NA
jZgZEsxYI1E	MTG: Ranking All 2022 Legends Day 45	1900	NA
-Lv4xi3iinI	MTG: Ranking All 2022 Legends Day 44	2100	NA
JCLCf_1rGm4	MTG: Ranking All 2022 Legends Day 43	1000	NA
iS3miuUkUd0	MTG: Ranking All 2022 Legends Day 42	1900	NA
QRBK6n8vDZs	MTG: Ranking All 2022 Legends Day 41	953	NA
dad2CnNfdUs	MTG: Ranking All 2022 Legends Day 40	946	NA
Z--tn0cwK74	MTG: Ranking All 2022 Legends Day 39	2400	NA
_JYTWmMj4Xc	MTG: Ranking All 2022 Legends Day 38	944	NA
_SqdK4aG8PM	MTG: Ranking All 2022 Legends Day 37	680	NA
5HqdpWT2-eo	MTG: Ranking All 2022 Legends Day 36	2900	NA
48bzV4_jw5w	MTG: Ranking All 2022 Legends Day 35	2300	NA
lfWiByXfjyk	MTG: Ranking All 2022 Legends Day 34	2000	NA
LfzI8yySLCw	MTG: Ranking All 2022 Legends Day 33	2100	NA
90huZaoChjE	MTG: The Weirdest Equipment in Magic the Gathering	1500	NA
-nlCQ-pDSw0	MTG: Ranking All 2022 Legends Day 32	1300	NA
fVKC87TsNrA	MTG: Ranking All 2022 Legends Day 31	1000	NA
mbKEHOhO16A	MTG: Ranking All 2022 Legends Day 30	2100	NA
6wt9ih72JAU	MTG: Ranking All 2022 Legends Day 29	1800	NA
3MY7z6IBUH4	MTG: The Newest 2 Card Combo in March of the Machines	9300	NA
UjBhdlE9T5g	MTG: Ranking All 2022 Legends Day 28	3000	NA
NiKdepikIb8	MTG: Ranking All 2022 Legends Day 27	3200	NA
fP7fmchhO_Y	MTG: Ranking All 2022 Legends Day 26	2700	NA
Ql3578lp9zo	MTG: How to Make an Exponentially Increasing Numbers of Creatures	2400	NA
gH2LxsS68wU	MTG: Ranking All 2022 Legends Day 25	1400	NA
6apX52KtBdg	MTG: Ranking All 2022 Legends Day 24	4300	NA
rO8qsBnvOug	MTG: Ranking All 2022 Legends Day 23	1000	NA
ow2wD9et1Hk	MTG: Ranking All 2022 Legends Day 22	2500	NA
I0dNccIvick	MTG: Ranking All 2022 Legends Day 21	1800	NA
cYCF6mTk5wk	MTG: Ranking All 2022 Legends Day 20	1600	NA
iH3XhAZRtUw	MTG: Ranking All 2022 Legends Day 19	1900	NA
6Vbzjcp4OiQ	MTG: Ranking All 2022 Legends Day 18	1900	NA
uUP8sUeWg5g	MTG: Ranking All 2022 Legends Day 17	2300	NA
FarhHwX99kc	MTG: Ranking All 2022 Legends Day 16	2200	NA
IMHUYW1SiYY	MTG: Ranking All 2022 Legends Day 15	3500	NA
QAySB8xIMk4	MTG: Ranking All 2022 Legends Day 14	2800	NA
Y-1eArA_2wY	MTG: Ranking All 2022 Legends Day 13	1200	NA
5Y7Ixp7Tv8A	MTG: Ranking All 2022 Legends Day 12	3600	NA
MgU0NdidKjE	MTG: Ranking All 2022 Legends Day 11	1600	NA
LupjvQw7Zic	MTG: Ranking All 2022 Legends Day 10	1700	NA
c9F7zHWVKDg	MTG: Ranking All 2022 Legends Day 9	3900	NA
yksC52WwoWQ	MTG: Ranking All 2022 Legends Day 8	2400	NA
OJIcx-E9HtI	MTG: Ranking All 2022 Legends Day 7	1800	NA
7UlGdwDI88A	MTG: Ranking All 2022 Legends Day 6	2000	NA
z2eIpT2ZEg8	MTG: Ranking All 2022 Legends Day 5	1800	NA
-VsMGZ7WLdc	MTG: Ranking All 2022 Legends Day 4	2900	NA
rzstMhJwWQw	MTG: Ranking All 2022 Legends Day 3	3800	NA
fzCIR68zckk	The Best Aristocrats Card in Phyrexia all Will be One	1900	NA
3CiKf2o2q-A	MTG: Ranking All 2022 Legends Day 2	4000	NA
up4j-4JygUI	MTG: Ranking All 2022 Legends Day 1	10000	NA
_4Jw_s9INig	The Best Spellslinger Card in Phyrexia all Will be One	6100	NA
Ya3N00luY2w	MTG: The New Crucible of Worlds! Phyrexia All Will be One Spoilers!	1800	NA
lbjjOxYwA3I	MTG: The New Glissa! Phyrexia All Will be One Leaks!	13000	NA
LOnhocABvCY	MTG: The Power 9 Explained	11000	NA
fG0IZhMEJps	MTG: The Most Annoying Artifact	3600	NA
agPG_w-X9iw	MTG: Top 5 Budget Artifact Removal Spells	1300	NA
Y3JmRD_LpMU	MTG: The Best Green Board Wipe	3900	NA
DLI8vuArbgI	MTG: Top 5 Non-Blue Counterspells	3800	NA
IsS5ePhS4wc	MTG: The Best Bother's War Commander You Missed	767	NA
FoYbFT4V8_0	MTG: The Most Underrated Commander of 2022	1700	NA
nK91jdladsk	MTG: You Should be Playing Summary Dismissal	1100	NA
coa4mG7a-jk	MTG: Top 5 three mana rocks you should still be playing	68000	NA
K7qx3IUT4WU	MTG: The Most Underrated Theft Spell	2200	NA
X5rV3Tbxs3Q	MTG: How to Counter Elesh Norn	6200	NA
JAm6erYiqvM	MTG: Do you think this card should be banned?	15000	NA
hUg9VBbRnN8	MTG: Chandra's Ignition is a Cool Card	2300	NA
A9G7LuPB_aI	MTG: How to Beat Treasure Decks	10000	NA
HlpQeJmyfDg	MTG: The Most Underrated Removal in EDH	4700	NA
wHpac3aWxd0	MTG: The Best Clone in Commander	2400	NA
8PeSAtFLNoU	MTG: Eternal Witness is Overrated	2200	NA
U99CdhQR41c	A Huge Win For the MTG Community	1700	NA
Jz7IJyt23c0	MTG: The Best Blue Instant You Haven't Heard Of	3300	NA
bNOBK4Ij3Ds	MTG: The Best Sea Monster Tribal Commander	22000	NA
wUPLiwR56xo	The New Best Red Voltron Commander	2800	NA
mg-iic14vrs	MTG: The 11th Best Theft Spell	1300	NA
EmxjKbg709c	MTG: The New Sneak Attack	2200	NA
t7DrefQVBu0	Top 5 Budget Dual land Cycles	13000	NA
yKwmiKT1rIw	MTG: The Best Spirit Tribal Commander	28000	NA
JzqJmGhGdZA	Magic 30 Anniversary Edition PSA	1600	NA
7Q8nkC9MksM	Top 5 Tastiest Foods in Magic Art	1800	NA
uaN-MiW7tDI	The Best Simic Rare You Haven't Seen	28000	NA
ZVhX9LVqeOw	MTG: The Black Fact or Fiction Brother's War Spoilers	936	NA
gaCZM3qDBWw	Best Boros Card Advantage Commander	7300	NA
XkKThXnXQDU	MTG: The New Cyclonic Rift?	3000	NA
HwdJ-23kZcA	MTG: The Best Green Card from Brother's War	5300	NA
T2zoO4-w64A	MTG: The Weirdest Atraxa Deck	26000	NA
hVgL8UyrFFA	MTG: The New Tawnos From Brother's War	4000	NA
CvKBPV6THwI	MTG: More Ways to Beat Blue Decks	5000	NA
S_vyFNKvI6g	MTG: The Weirdest Way to Beat Combo Decks	3000	NA
EThRwv20oOE	MTG: Top 5 spells for Sunforger	13000	NA
SHVS7DEhEJw	Magic's Most Confusing Art	3700	NA
2at1TDbKGb0	MTG: The Best Simic Commander You Forgot About	15000	NA
2EmZi4-aGbU	MTG: The Best Trazyn the Infinite Combo You Haven't Seen	15000	NA
7kUNyBAeVe0	MTG: Anniversary Edition Opening!	21000	NA
CKPFLJ4XeT0	MTG: Best Budget Combos for EDH	5100	NA
oFreKXtBWXE	MTG: The Craziest Clone Commander	12000	NA
y1Dnu9vjd1k	MTG: The best red commander you've never seen!	28000	NA
NPdV8ChsE8U	MTG: The Fastest Ramses, Assassin Lord Win	31000	NA
0DDZ_t-n9oA	MTG: The Next Best X Commander	1100	NA
lbE6JHSageA	MTG: The Most Underrated Reanimation Spell	9200	NA
FihoimoHqkQ	MTG: The Best New Capenna Bomb You Forgot	13000	NA
n3ulwbkKmq8	How to make Infinite Money Playing Magic the Gathering	131000	NA
4Nzo10mnVhg	MTG: The Best Removal Spell on a Land	1600	NA
SB6nO9TkxPU	MTG: The Best Budget Board Wipe in EDH	2300	NA
yker9NUT-xw	MTG: The Most All in Ramp Spell	546	NA
GHPTJEVlu2g	MTG: The Most Devastating Equipment	16000	NA
sBsvnBckQUQ	MTG: Is this the New Command Tower?	582	NA
URmdWpatsDc	MTG: Top 3 Dominaria United Commanders	1800	NA
t6NikM5gqbw	MTG: The New Urza!	2700	NA
i38-K151IDY	MTG: The Best Lieutenant Card in EDH	801	NA
1w7LpvZoyAg	MTG: The Most Broken Dominaria United Spoiler So Far...	1100	NA
jAH67lqvhVU	MTG: The New Blue Wrath of God	503	NA
QmGYVfzd2aI	MTG: Beat blue decks with this one card!	2200	NA
-6na77tQ97M	MTG: The most difficult enchantment to use	956	NA
87zPZvDA3C8	MTG: The Best Lightning Greaves You've Never Heard Of	1300	NA
2lAGNZksgL8	MTG: The Most Underrated Color Pie Break	2000	NA
QXfTcpnz17o	MTG: The number one deal making tip!	984	NA
i_EQWLw5-pA	MTG: The best 2 mana ramp spell	1600	NA
aG1-rdjAmco	MTG The Most Un-Fun Card	618	NA
7vJtra--2q0	MTG Stickers...?	1600	NA
cHnsRptRhPk	MTG's Most Backbreaking Card	1100	NA
Xqfg_aw82M8	Most Underrated Counterspell	1300	NA
RUmq3xPldK0	MTG: The Best Designed for Commander Card	4800	NA
UONL6FUmoBc	MTG: Saltiest Enchantment in EDH	1300	NA
0uEdR0j0Mtg	MTG Top 5 Budget Tutors	10000	NA
UQ6dz8ScYIU	MTG: 5 best reprints to buy from Double Masters 2022	4100	NA
6XpIcSzjiTQ	MTG Best Unfinished Land Cycles	13000	NA
0_P4MhWLieQ	MTG Most Common Combo Cards	695	NA
KAGfumC2r4U	MTG Strongest Gluntch Deck	15000	NA
9sqQ6xyavmQ	Best Background Tech	843	NA
Z8lomzoOFTs	The Most Underrated Artifact in EDH	10000	NA
bZXiarF1hC0	The Hidden Power of Reconnaissance	7300	NA
kuyulCZS-X8	Best treasure deck finisher!	3300	NA
BKVM0vYDYuw	Warped Devotion	3300	NA
