Bhe-dc8nnWg	Patron Deck Review Stream!	4800	2852
ca5DF6dgWPE	Deck Review Stream!	5500	4926
FT78CUNXBQs	Reality Fracture Spoiler Stream!	7600	4589
IlZSvLO2I-k	Patron Deck Reviews!	1500	3353
VNfyvheVLEQ	How Does Whatnot Work?	1900	2916
kFpl4VjQtCw	Deck Reviews!	1300	6431
oSYv5JR82xo	Trying to Get Some Rare Cards! Packs Stream + Giveaway! #sponsored	1100	3982
pbElCDX0IEI	The Hobbit Set Review! And Mystery Booster Commander	2800	6410
p4U_88Lxz_A	Patron Deck Revies!	1100	5066
M4b25BVnUyg	Star Trek Spoilers!	1800	3912
GxGmDvpqc2s	Patron Game With Patrons!	1000	4745
ejD3jcbOb18	Deck Reviews! Reviewing Patron Decks!	1000	5090
vulViViKuzM	Deck Reviews! Reviewing Patron Decks!	1400	6898
Hni15wd8B4I	Marvel Super Heroes Set Review	2900	6402
yQCIrFG4Ra4	Brewing a bad deck?	1200	5296
tzOVGDzbs5s	Deck Reviews For Patrons!	1000	3620
V7T1LrjNya8	Streaming At A Weird Time	879	3455
yp1P4WGPX-E	Your 9 Most Important Cards Part 2	1400	4100
_yAwu-NTtOA	Your 9 Most Important Cards	2300	4053
-33FoBSdKfU	Patron Deck Reviews!	1400	6706
CIH3oNZRcjw	Patron Deck Reviews!	1100	4993
Cu4jcch8DgM	Secrets Of Strixhaven Set Review	2900	4535
q7UivyVPAk0	Reviewing As Many Decks As I Can Before I Have To Go To The DMV	995	2700
keHTDGjCC3s	Reviewing Patron Decks	1800	8719
gr-P-if-Fdo	Building A Stax Deck	1800	5980
lRKUd8IHVK0	Reviewing Decks From Patrons!	1600	5302
int9kKWQC6g	Patron Deck Reviews!	1400	2575
6MnZgHPa3Dw	TMNT Debut Stream	2200	3012
lNBwTYxYZUM	Commander Ban Update Review!	3800	3181
KcBGR15iAKs	Secret Lair Reveal Stream and Maybe Deck Reviews	1300	5485
vIn_8eUBaeM	Y'all ever heard of bracket 2 gaming?	1600	6136
T5sF1wjywqo	Patron Deck Reviews!	1100	2545
IrUKGHkGNlU	Brewing A Deck For A Video	1500	4207
qbxVZSxCJeM	Lorwyn Spoiler Talk	3000	4664
bpuYS95k-3s	Patron Deck Reviews	1100	4707
e1FFOTPfeo4	Marvel Superheros Spoilers!	1600	3172
4C0PBKydabo	Ranking Every Sol Ring Art!	1300	3114
0n9EJAEPZ5g	Just A Few Patron Decks I'm Sick!	545	837
Z4bRr6FkFbk	Patron Deck Reviews For Real This Time!	1300	6458
RLm6x2RD8YQ	Avatar Talk And Opening A Box	1600	2484
O1mHYihSbE4	Patron Deck Reviews	389	109
MQKahT86WiU	Patron Deck Reviews	1500	3008
XGpBHOgNlUk	Bracket Update Stream	3800	2353
CCdqVOIT1FM	B2 EDH With Patrons	1300	6919
EMiOZVxrwGg	Patron Deck Reviews	1600	4923
5YyGVf4Z27Q	Patron Deck Reviews	1700	6369
mhZJtzcRi24	Patron Deck Reviews	1500	7029
gz4pOKvgPH4	Patron Deck Reviews	1400	5633
4peQTgzynkA	Patron Deck Reviews	1100	5841
M_Tiqoq-pt8	EDH with Patrons!	1000	8136
CIPVAWM-oIA	Deck Doctor Stream!	1300	5332
kUBsnLpuEsk	Patron Deck Reviews!	1700	8182
_eMR_dWSyew	Patron Deck Reviews!	1600	5694
IAzSu_Uk2lw	Patron Deck Reviews!	1500	5380
4jiU9PPS-s0	Patron Deck Reviews!	1900	5909
B2v6GmpOR10	EDH Games With Patrons!	1700	5760
8b04_bc4mkE	Reviewing Patron Decks!	2000	4821
FsmL4w_Sg3U	Brewing Budget Decks For A Secret Project!	2000	7960
lOHlnSj3Yy4	Patron Deck Reviews! Last Day For June Submissions!	1000	4193
I8EL4Nv4VqM	Patron Deck Reviews! Last Day For June Submissions!	1000	4634
XXfQe8idsV4	Patron Deck Reviews! New Submissions are open!	1300	6761
CwXcyRUpay8	Patron Deck Reviews! And I won't get distracted this time!	1700	7362
N7bPWgIgNVM	Patron Deck Reviews!	2100	5469
bhApTh69i7w	Patron Deck Reviews!	2000	6738
3I-mRbVx07c	EDH Games with Patrons!	1300	4697
5QHkgGyGoOI	Brewing Decks for Vegas	1600	3934
cDYsOVX406E	Patron Deck Reviews!	1800	6386
l4MzsiM8XTg	Patron Deck Reviews!	1600	6556
mTFm4metXGs	Looking at Final Fantasy Spoilers	3000	5266
NSrH4Wa-AVk	More Patron Deck Reviews!	1800	8355
RcVPrSBzFUc	Patron Deck Reviews!	1800	8382
CMbHtodaq64	Patron Deck Reviews!	2000	9055
zAn_iyv0WIA	EDH Games With Patrons!	1400	6380
o7ZygfUN9-4	Commander B&R + Some Deck Brewing!	2800	7758
iUnQY_9sPUo	Reviewing My Patrons' Decks!	2700	8582
dDHKOWN2L1g	Battling 3/3 Elk in EDH	4100	6827
yEO7V7Wo1VM	Chill Fun EDH Games With Patrons!	1300	4068
QsVp81Ve7M4	EDH Games With Patrons!	1200	4569
PpIfsMLlgO8	Tarkir: Dragonstorm First Impression!	3000	6545
KaxFOt30i4g	Patron Deck Reviews!	2700	6889
aEz_Czwkn9U	EDH Games with Patrons!	1400	6164
KX1_xM8cn9M	Ranking My Patron's Pet Cards!	7300	5526
74WXXBzbvvA	EDH Games With Patrons	1400	2226
wZSRC74Ow3E	January Deck Review Stream!	2300	6200
bbIP5t4Taso	EDH Games With Patrons!	1400	5398
H6N7fTQzCAo	December Patron Deck Reviews Part 2	1300	5767
ftalBcppi4g	December Patron Deck Reviews Part 1	2000	8440
wtC-Axpj9N0	EDH Games With Patrons	1700	14172
41bUk41RH38	EDH Games With Patrons	1200	7352
DIdsCfe7MCo	November Patron Deck Reviews!	2000	9456
lgKQLJXMFcs	EDH Games with Patrons	1500	14662
tY3IbgxqJgo	Brewing a Deck for a Video	2200	6801
kgrviQMvrFs	EDH Games With Patrons	1200	4956
QTCpkcjkggI	Patreon Deck Check October	2200	11791
C8M_QmMSvZc	Deck Building Stream	2500	12430
a0IW7-6I6VU	EDH Games With Patrons!	1000	8145
lQ8grMHPN3I	EDH Games With Patrons!	1200	8107
-DI06kkCwpw	Patron Deck Check September 2024	2400	9542
t0oTb5aiMT4	EDH Games With Patrons!	1300	10616
oX8D0HIOS_s	EDH Games With Patrons!	1600	23470
hUEfbOrMJnU	MTGO Creator Showdown 5K	686	9189
RpUn6_A4cxY	Patron Deck Check August 2024	1700	11135
HUVbB4lUbP8	Standard on MTGO	681	10717
6NMP9DGpdUE	EDH Games with Patrons!	843	3747
7GdKY9WZBK8	EDH games with Patrons	1400	13436
y8AbBx6rtjQ	Patreon Deck Check Stream July 2024	1900	11620
Q-DRanOgxNg	EDH Games With Patrons and Special Guest 3/3 Elk	2000	7925
mIr0idbEbcg	EDH Games With Patrons	1500	7993
TOu5fL1na3E	Outlaws of Thunder Junction - Collector's Box Opening	949	1442
