SNUDvGzZsrE	Bracket 2 Hell	178000	776
5Bylru_WOt4	The Most Exciting Cards From Reality Fracture! | Magic Mirror Podcast 99	91000	2788
dhmiTvM-FmA	Gleaming Splendor Sucks	123000	939
vKXekmCdhd0	3 Mana Rocks You Should Play! | Magic Mirror Podcast 98	77000	2646
LWWSiyzImSM	Forgotten 3 Color Commanders To Try Out	NA	529
NKY0a6Tph20	MTG Cycles Tier List | Magic Mirror Podcast 97	NA	3522
vfbbIGu13rg	What Is The Best Way To Get The Cards You Want?	89000	2868
rz5tpU81j-Y	Cards We Used To Think Were Broken! | Magic Mirror Podcast 96	70000	3056
CCdC09RDVFE	How I Spiraled Into Only Playing Terrible Cards	73000	850
SzctULo8xuM	Are Mono Color or Multi Color Decks Better? With @BrewersKitchen | Magic Mirror Podcast 95	39000	3494
dVCp-TqtP0c	How to actually play combo decks in casual commander	42000	988
JYgUfhp4XyI	The Most Insane Commander Designs In Years! | Magic Mirror Podcast	47000	3743
ud7uEyJtRMM	If I Had To Start Over Would I Get Into Magic	NA	1026
0a2xeRc9EY0	A Funny Clue Deck	NA	347
c9l_QPdHKDc	The Best And Worst Trends In EDH Design! | Magic Mirror Podcast	NA	3424
vJmRe2gxb0c	Commander’s Biggest Trap	NA	1142
0vXFZFy-i4Q	Play These Cards To Eliminate Your Decks Weakness	48000	620
GCiZXNqBZjY	Did Made For Commander Design Ruin EDH | Magic Mirror Podcast	45000	3295
fM2kQLRSxAU	What Is Magic’s Worst Card Type	64000	668
gQy8tuvSbxM	Cards We Hate For No Good Reason | Magic Mirror Podcast	59000	3930
Koerno20XFM	Consistency Does Not Equal Power	27000	880
ZRt4cCR6Lp4	Upgrading EDH Decks As A Chronic Optimizer	70000	882
ev7Nn2MASv0	A Boros Control Deck I Love	NA	607
1ZB3Y4my8tU	Underrated EDH Archetypes Tier List | Magic Mirror Podcast	54000	3506
xaSv1EDTOFE	Should Wizards Remove The Legend Rule?	58000	1051
tvt7Y3VXWu8	You Have Too Many Commander Decks! | Magic Mirror Podcast	62000	2857
tdu27R5QVc4	I Hate Deck Techs	54000	859
I3BkkXWgsRA	Rating Your Insane House Rules With @QuipsAndGuac | Magic Mirror Podcast	NA	3496
ge0yJVNsbQw	Wizards Made A List Of The Most Broken Cards In EDH	91000	1428
Wv55jCpqoeI	Cards That Aged Like Wine | Magic Mirror Podcast	NA	2836
f7nOmj0MZys	I’m Obsessed With This Card	NA	1002
DolZBbcVEtw	How To Take All The Fun In A Commander Game | Magic Mirror Podcast	NA	2981
UiErRd74FCg	MagicCon Vegas Vlog (Test. Members Let Me Know What You Think)	NA	333
qd6nt4sWBfA	The Real Reason You Hate Blue	57000	962
KbroRseBdCI	We Spun A Wheel And Made Terrible Decks Based On It | Magic Mirror Podcast	NA	4061
fN-tNnSn-kY	The Death Of EDH Brewing	NA	1130
ZUuiYElJ5J4	What Is The Most Flexible Color In EDH? | Magic Mirror Podcast	51000	2624
2KgJNE6vnpg	Did Board Wipes Ruin Commander?	68000	1055
nCziIqY7ptw	An EDH Gamer’s Guide To Decks That Can Always Win	73000	838
7LpXa0bJmEc	The Magic Mirror Live Extravaganza	NA	3353
cMEnqJYxiJI	Leave Your Playgroup	37000	855
I2TINF5G8x0	Our Fans' Most Insane Hot Takes | Magic Mirror Podcast	NA	3639
md9oyhYrt1Q	The Catch 22 Of CEDH	89000	1257
wC1OGFYbgqw	The Best Commanders From Secrets Of Strixhaven	NA	660
OIL6MXU2PJ4	The 9 Most Important Cards | Magic Mirror Podcast	NA	3659
6ebl1LQJMX0	The Highs And Lows Of Bracket 4	80000	1023
Fs3r9dTT6eY	Our Guest Tells Us Why We Are Wrong | Magic Mirror Podcast Episode 80	NA	3979
E-_ixZIoMe0	It’s Crazy Planeswalkers Can’t Be Commanders	95000	1061
lKrHzJqLwP8	How To Build Your Own DanDan Deck	21000	899
he2hSojpdpM	Roasting Our New Decks! | Magic Mirror Podcast Episode 79	NA	3713
XwK3C-qfrYQ	In Defense Of Magic’s Mana System	53000	1095
YE0khpFl8Y4	Cards You Play Wrong | Magic Mirror Podcast Episode 78	NA	2521
32SO-MorU68	The Inverse Removal Theorem	61000	747
-AKwJM1zHio	Wizards Killed This Series So I Put It Behind A Paywall	NA	701
q-Zmd_n-kQ8	Cards We Want To Play | Magic Mirror Podcast Episode 77	NA	2695
Ldzni375uG0	The Secret Miserable Archetype That Brackets Fail To Address	80000	795
39QqJK-5iAc	Our True Opinions On Removal In EDH With @TierZoo  | Magic Mirror Podcast Episode 76	NA	3084
eD-OmfIeaR8	How Commander Players Overrate Cards	NA	817
_-Z4GV8AMzo	The Wheel of Doom Forces Us To Build Jank EDH Decks! | Magic Mirror Podcast Episode 75	NA	2890
hyik3A3PEQU	The Slopification Of Magic	174000	3994
xkR_0ynPrWo	Tutor Packages That Make Deck Building Fun! | Magic Mirror Podcast Episode 74	NA	2648
bTitgew-mHE	The Secret To Satisfying Games of Commander	107000	713
Nogti65QhTE	Should Wizards Have Banned More? | Magic Mirror Podcast Episode 73	NA	2956
s7ryxnTlXUo	How Sorceries Lost Their Identity	128000	833
Lr0LFTQBgvY	Roasting Our Custom Cards With @maldhound | Magic Mirror Podcast Episode 72	43000	2434
p2iV3FKo8-0	You Should Just Proxy A Perfect Mana Base	39000	716
3xhs4srY12Q	Unspeakable Deck Tech	NA	296
eqp6BvdHZQE	How I Make An EDH Deck From Start To Finish	133000	1385
nIlimQ2PQrk	What 2 Card Combos Are Ok In Bracket 3? | Magic Mirror Podcast Episode 71	NA	2727
PAVxnPeY-Zk	Lorwyn Eclipsed Plus TMNT Thoughts And Questions! | Magic Mirror Podcast Episode 70	NA	2532
yBKuE3SjMrM	EDH Players Fail To Maximize Politics	32000	579
XNGYXycL0OU	The End Of Singleton In EDH	65000	616
Zi86Zejhu4g	We Stole This Podcast Topic From MTGGoldfish | Magic Mirror Podcast Episode 69	NA	3112
TUNIoM-dels	Lessons Learned From Taking Apart Decks	59000	650
pjmuYmfGk0w	Next Year We Will Stax Lock You | Magic Mirror Podcast Episode 68	NA	2775
q4SfXfZHB-I	How Kindred Decks Stifle Creativity	75000	769
uF1a3QKqmuM	How to Give Gifts In EDH | Magic Mirror Podcast Episode 67	NA	2654
nkWwM_-xhZg	7 Sets And 0 Reprints	75000	1061
nuC_OUdQkHg	"Strong Cards" You Should Cut	47000	651
EeNfCP_qhwQ	The Worst Part Of EDH Is... | Magic Mirror Podcast Episode 66	NA	3171
Hp1r_y2dCgA	Good Stuff Decks Don't Need Staples	35000	561
Ut0VOD2dPCU	We Failed To Make A Tier List | Magic Mirror Podcast Episode 65	NA	3007
YP7DRNuI758	What Makes A Card Ban Worthy?	53000	952
Hyyo0MLS3fI	Decks We Couldn't Make Work | Magic Mirror Podcast Episode 64	NA	2610
uJt2QFr1bPc	The Paradox Of Powerful Creatures	66000	638
Opr00Oih4Ho	Why I Minimize Pregame Conversations	59000	1019
hUbgw8gTI2A	Building Resilient Commander Decks With Joey Schultz! | Magic Mirror Podcast Episode 63	43000	3547
CLhjwJE2lt8	Playing Delver in EDH | A Guide To Tempo in EDH	24000	877
FGvpRdiMLVo	Fixing Your Decks With Phil | Magic Mirror Podcast Episode 62	40000	2893
3QdfXmiQGHo	Rachel Weeks Turns This Into A Cube Podcast | Magic Mirror Podcast Episode 61	19000	3485
mmp1zz80Htw	The Dangers of Made For EDH Cards! | Magic Mirror Podcast Episode 60	42000	3049
CGij85eU43M	In Defense of Generic Staples	36000	506
fzMmnBNXU6s	Why I cut Sol Ring and Why You Might Do The Same	62000	811
kkSFOH9Ts0k	Bracket Update And Other EDH Talk! | Magic Mirror Podcast Episode 59	36000	3297
cTQs4sdxpJA	How Hybrid Mana Would Warp The Game	76000	789
GzK3HGLy_pM	New Salt Scores And Under Played Commanders! | Magic Mirror Podcast Episode 58	NA	3003
PvzgKvw0blk	The Biases of EDH Players	124000	973
Ux7zmVBcHR4	How To Build Value Engines Also @TravisGafford CEDH News! | Magic Mirror Podcast Episode 57	52000	2271
kjVT2tcwImo	Why Power Creep Is So Bad Now	230000	1286
zvk6hISXDoY	Is Magic Cooked in 2026? | Magic Mirror Podcast Episode 56	52000	3038
q7YCSgIlOyk	The Real Reason You Are Losing EDH Games	59000	851
G5s7z5MYO3Q	What's Worse, Group Hug or Infect? | Magic Mirror Podcast Episode 55	61000	2891
rM0384X69wM	100 Commander Games Later: My Lessons Learned	69000	880
T2-N6_nU4bk	Can A Budget Deck Still Keep Up?	63000	834
ZDL5IRWsRrY	Did the Un-Bans Break EDH? | Magic Mirror Podcast Episode 54	49000	2874
dAlF0ej4aVQ	Hasbro Gave Up On Magic But I Haven't	140000	3066
370WLhdvByA	We Rank Your Pet Cards! | Magic Mirror Podcast Episode 53	62000	2604
VQldsSn0WNM	One Year Podcast Anniversary Special And Spider Man Spoilers | Magic Mirror Podcast Episode 52	18000	2463
oU7197Noh5w	Modern Magic Cards Are Too Easy To Use	103000	1112
CNrCM5O2plA	The Official EDH Themes Tier List | Magic Mirror Podcast Episode 51	91000	3550
Iyef6MjLH-U	Why You Should Be The Villain In EDH	83000	647
o_iTDFsTRqk	Powerful Cards We Cut For Synergy! | Magic Mirror Podcast Episode 50	53000	3074
OZDU25Pkx5M	Is It Wrong To Win In EDH?	34000	538
mDK9OQMQz-M	All About Salt in EDH | Magic Mirror Podcast Episode 49	59000	3350
7dBw5EuqyGM	EDH Isn’t Inconsistent Your Deck Is Just Bad	104000	699
2sPkvNrSecU	What Is The Weakest Color In EDH	113000	741
vZFT3-jdy0Q	All About Lands and Ramp in EDH | Magic Mirror Podcast Episode 48	61000	3320
UFLzBcyjEHc	What is the Best New Player Format? | Magic Mirror Podcast Episode 47	27000	2673
co-qGsDIUUA	A Guide to Blink Decks	99000	740
QcEYhh-uJOs	Mana Rocks Are A Scam	407000	903
WSbGry4TXOY	The Best Cards From Edge of Eternities! | Magic Mirror Podcast Episode 46	44000	2977
u2Qpd8mlYtE	How Biases Effect Deck Building With Dana Roach | Magic Mirror Podcast Episode 45	39000	3664
kWxH7tHu-Vs	Stop Treating Cards Like Investments 	60000	1282
rFBGFSAbXzk	The Official Vehicles as Commanders Tier List | Magic Mirror Podcast Episode 44	41000	2921
iu4QEduYK6Q	EDH is Rock Paper Scissors With Only Scissors	251000	811
UoC79K0JlBE	What is a Game Changer? With Rachel Weeks! | Magic Mirror Podcast Episode 43	62000	3979
yOyi1mmRSnU	What Casual Players Can Learn From CEDH	117000	1139
gd3gZFFFLdg	Commander Rules Change and MagicCon Wrap Up | Magic Mirror Podcast Episode 42	63000	2610
p0AbgaYpLTA	How To Build Stax in EDH	128000	1686
PTWJJ3fVEAE	Ranking Every Commander Ever 1 - 690	21000	30702
eudKkspRfmI	We Couldn't Make These Work, But Can You? | Magic Mirror Podcast Episode 41	39000	2761
ORPjIynNb6k	Don’t Gamble on These Packs and Buy These Budget Picks Instead! | Better than a Booster June 2025	31000	580
Q191TlBf-P8	The moral quandaries of gaslighting, gatekeeping, and girlbossing your edh pod	36000	676
Eni00W5Lomc	Decks We Are Working On | Magic Mirror Podcast Episode 40	57000	3255
mgiqq5H8-xE	The Strange Ethical Case For Combos	51000	733
2rtoj_c2NqU	Putting the Professor's Deck Box To The Test	33000	641
0WYxwP34AVA	The Art of Building Weird Decks | Magic Mirror Podcast Episode 39	84000	3708
xULSV2iUDRI	Magic's Rising Prices and You	101000	1503
X-dEeMXQGxs	Blood Moon Died For Armageddon's Sins	60000	771
8_bNUR3XBnM	I Made The Strongest Bracket 2 Deck	63000	1142
My8ctkQKCeI	How We Build New Decks | Magic Mirror Podcast Episode 38	64000	2993
KgoX1q9uXqM	Budget EDH Cards That Held Up | Better than a Booster May 2025	36000	599
AMb0gtlkIV8	If Your Deck Isn't Fun It's Your Fault	360000	1107
E2G8034AayQ	Should We Abolish Commander Damage? | Magic Mirror Podcast Episode 37	47000	3316
_AYN8xPyfSA	How to Build A Treasure Deck in EDH	62000	878
q1Q1QuVA-hY	What is the best thing you can do in EDH?	68000	722
TGtz4t3bvm0	Final Fantasy is HERE! Looking at spoilers! | Magic Mirror Podcast Episode 36	27000	3266
5cdluDc9eLM	Watch this and you’ll never buy a precon again	216000	701
19nU4s8gYuI	What has more luck EDH or 60 card formats | Magic Mirror Podcast Episode 35	20000	2737
fZBJtJ0L1jk	Ranking Every Commander Ever #mtg	26000	852
UDwB6GE57S8	The Secret to Beating Ramp Decks in EDH	64000	620
vLLbICuMyg8	Snail and Trinket Address the Beef | Magic Mirror Podcast Episode 34	48000	3176
9JInugThbxk	The Official Ravnica Guilds Keywords Tier List | Magic Mirror Podcast Episode 33	50000	4427
2iJI-0sVIiM	That Time Salubrious Snail Was Wrong	79000	1511
XUvg1Lv6zKk	A Guide to Being Fun and Interactive in EDH	149000	1152
JgWO7fkiGFA	Ranking The Most Popular Creature Types | Magic Mirror Podcast Episode 32	67000	3454
AXXjtxOUgZI	Budget Utility Lands You Should Try Out | Better than a Booster April 2025	56000	1014
cxOgM_M43vs	The Art of Mulligans in Commander | Magic Mirror Podcast Episode 31	50000	3947
kctcomuCKlk	The Secret to building aristocrats decks in EDH with @3/3 Elk	52000	633
NomsK0TuwNA	EDH Staples That Beat Power Creep with @PleasantKenobi  | Magic Mirror Podcast Episode 30	65000	3758
wzWlNZksRRw	Players Only Get 25% of Sygg's Value	47000	755
uYfu-fTI_rE	The Bracket System is Genius, And Here's Why	92000	1955
d0ZHqYrYPzY	Power Creep is Coming for Your Deck! | Magic Mirror Podcast Episode 29	106000	2956
u23OCTJ15zA	These Cards Completely Destroy Decks	51000	607
fTW5Iuvk41w	What is “Dies to Removal”	71000	531
OBAGf4HkAGY	Decks That Failed Us! | Magic Mirror Podcast Episode 28 #mtg	103000	3333
D0Yx6LpYpYI	How to turn almost any deck into a budget deck	123000	1061
XVz5GmvkL8k	Decks That Are Functionally Combos	44000	686
4-Y54gkQnrE	Roasting Each Other's Favorite Cards! Feat. @maldhound  | Magic Mirror Podcast Episode 27 #mtg	170000	3753
C6dTr2NTxmY	The Best Budget Haste Enablers | Better than a Booster March 2025	32000	681
pDRQQtod2E8	We Challenge the Rules of EDH | Magic Mirror Podcast Episode 26 #mtg	62000	2756
ZpWuHvMDbEo	The Secret to Beating Blue in EDH	68000	846
BvM4J6dJWJU	What Planeswalker Decks in EDH Really Look Like	63000	725
GjPwZh53L-o	The Trap Of Powerful Cards	139000	724
uS5D-u5aKGc	Secret Tech For Your EDH Decks! | Magic Mirror Podcast Episode 25 #mtg	123000	2813
0ujT4dgZx7M	Bulk Value Engines for You to Try Out!	47000	543
OjEL1X7YrO0	How to Find the Right Commander!	120000	775
thjsmROTRnM	Talking Brackets with @attackoncardboard  | Magic Mirror Podcast Episode 24 #mtg	32000	3360
rs6_aVlJI2A	Brainstorm (and other cantrips) are Overplayed in EDH!	22000	712
FxYtEC1yPtA	EDH Decks that Can't be Upgraded	64000	627
0mlKg0PRnNc	Arguing About MTG and Bracket Talk | Magic Mirror Podcast Episode 23 #mtg	47000	3801
OCZtp3DMvFk	A Guide to Theft Decks in EDH | How to Build Theft Decks in Commander #mtg	49000	745
iLZD8oD44wc	Do the Strongest Commanders of Yesterday Hold Up?	55000	870
zu_XFw0BqBc	Overrated Cards You Should Cut | Magic Mirror Podcast Episode 22 #mtg	165000	4573
hft42TKmDB8	3+ mana counterspells worth playing | Better than a Booster February 2025	62000	809
5hs2ntLDbXE	What is The Strongest Color in Casual EDH?	295000	1122
CWtLlNKpkNg	Our Favorite Aetherdrift Cards! | Magic Mirror Podcast Episode 21 #mtg	26000	3098
BRqoYM8c7Q8	I Was Challenged to Build Atraxa #mtg	51000	571
X-SD-54GBgU	Tutors Make EDH More Fun #mtg	93000	1056
pykpsGivfoc	A Guide to Mill Decks in EDH | How to Mill Commander Decks #mtg	79000	661
CgmD9Ewjd00	Decks You Need To Try! | Magic Mirror Podcast Episode 20 #mtg	54000	3363
7iDNMxwGgBE	Cards that Secretly Win Games #mtg	158000	777
KdAbOM5R8-s	How Fun Was Innistrad	17000	537
EVdw3hdwvjE	The Case For Tutors | Magic Mirror Podcast Episode 19 #mtg	40000	3375
nn2YxU_rSCc	The Art of Not Casting Spells	77000	620
-BeYKZ5iZqo	Should Planeswalkers Be Commanders? | Magic Mirror Podcast Episode 18 #mtg	41000	2945
sFdtLpMZsQw	3 mana rocks worth playing | Better than a Booster January 2025	140000	621
paxtXDT61ec	I Was Wrong About Partner	82000	894
hhun2ubG9tI	How to Play Mental Magic	14000	605
Puc-V7gFoUY	Our Favorite Cards From 2024 | Magic Mirror Podcast Episode 17 #mtg	30000	3299
Mo8pdpp_4Ho	Powerful Cards Don't Make Powerful Decks	177000	755
5E4kfS1IkyU	The Good, Bad, and Ugly of EDH Design | Magic Mirror Podcast Episode 16 #mtg	39000	3148
dRYc48KSj6k	The One Ring Doesn't Matter	53000	603
ffdxryclYJI	What They Don’t Tell You About Threat Assessment	50000	544
JU2tW-zVfJc	Ranking Every Color Pair in EDH | Magic Mirror Podcast Episode 15 #mtg	160000	5064
zId-jP7fL-c	The Easy Way to Build A Unique EDH Deck	102000	775
hQU2MKFDpVU	What EDH Players Miss Out On | Magic Mirror Podcast Episode 14 #mtg	19000	4086
3Zk2WFwec3w	I Challenged 10 Creators to make a $25 EDH Deck!	178000	933
SRxTfY7nUdY	Become the Ultimate Deck Helper! | Magic Mirror Podcast Episode 13 #mtg	22000	2491
NqkK3qVtl04	Salt is a Self Fulfilling Prophecy #mtg	50000	780
L5sKckVlUKk	Can You Trust Content Creators? Feat. @maldhound  | Magic Mirror Podcast Episode 12 #mtg	75000	4699
SLUV0TjK7LA	The EDH Deck Building Template #mtg	94000	755
V-r8LGV294I	Is Reliquary Tower Good? | Magic Mirror Podcast Episode 11 #mtg	63000	3339
ky_E0zACQdE	The Best Deck I Don't Play #mtg	103000	1064
5InNR_bUAdo	Cards that Make Salubrious Snail Salty | Magic Mirror Podcast Episode 10 #mtg	62000	4455
f9NOcSIvOfc	How to Build Control Decks in EDH	230000	1891
n4yMtqYYpSw	Everything Announced at MTG Vegas | Magic Mirror Podcast Episode 9 #mtg	18000	3099
wK0aV-0Ynmg	I Built A Deck I Hated	41000	876
JUdYkiygqus	Roasting Each Other's Decks | Magic Mirror Podcast Episode 8 #mtg	100000	5073
9Mit9X1uROc	An Expedition Through All My Commander Decks	52000	1184
_VdBQmacHok	How to be the Archenemy | Magic Mirror Podcast Episode 7 #mtg	57000	4063
XndyKr5jqz8	Is Swords As Good As You Think?	28000	666
iIjjvQdHGUA	The Bracket System's Big Flaw | Magic Mirror Podcast Episode 6 #mtg	33000	2986
6MJZVbZBIrI	EDH is Dead, Long Live Commander	96000	833
iHSXuaCsVKw	What Makes a Deck Worth it | Magic Mirror Podcast Episode 5 #mtg	52000	3471
yE3E0x7izKs	How to Make Deals in EDH	35000	794
3XS48TXHzLI	The Coolest Decks We've Seen Plus EDH B&R News | Magic Mirror Podcast Episode 4 #mtg	64000	4917
F1nvE9gX4_o	What Makes Me Salty in EDH #mtg	169000	1106
0O24hoxf1og	Talking Duskmourn with Salubrious Snail | Magic Mirror Podcast Episode 3 #mtg	19000	3566
Yh3pbMzPNWU	Why Your Deck Can't Do It's Thing	136000	769
yeAn6iHUbik	Here Lies the Cedh RC 2024-2024 | Magic Mirror Podcast Episode 2 #mtg	12000	3667
ZmzV2TF27YE	What They Don't Tell You About Phases	65000	683
P6fjhdn5ffk	Is EDH Fun? | Magic Mirror Podcast Episode 1 #mtg	28000	3625
c4fCWRBmc9I	Should Cards Be Designed for EDH	19000	782
lCdpprd3F_M	Our Favorite Made for EDH Cards | Better than a Booster August 2024 w/ @33elk  #mtg	46000	1302
NtXtKu_zVuI	The #1 EDH Gameplay Mistake	128000	670
WoPX0yUzpLA	In Defense of Stax #mtg	84000	1046
rJfcMPz6_G0	Should You Play Basic Lands?	54000	670
Iy-9-4t5cFk	How to Improve Your Commander Deck	589000	1171
jiKMYUFHSYk	How Commander Broke Magic's Design #mtg	197000	1492
D11esxjCTEs	Best Budget Modal Spell | Better than a Booster Best Budget Buys July 2024 #mtg	25000	546
6GzPtP7lq-4	The #1 EDH Deckbuilding Trap #mtg	173000	668
i9PfuHA0Zy8	Should You Play Force of Will? #mtg	24000	743
9cxitCyztCU	Better than a Booster Best Budget Buys June 2024 #mtg	33000	548
pN6CKU5osQ0	The Nadu Problem	92000	726
fdax44SAH9w	The Truth About CEDH #mtg	76000	1185
jznTrOhWp3I	A Guide to Storm Decks in EDH | How to Build a Storm Commander Deck #mtg	149000	1179
fqbfgy900zA	Better than a Booster Best Budget Buys May 2024 #mtg	15000	755
OUDy-Xycbyo	Answering Questions | 10k Q&A Special	13000	786
cykXr9knh54	Turn MTG into Uno with this Simple Trick! #mtg	72000	872
_eFw1Ry0S48	Commanders that Kept Up With Power Creep	69000	653
qI8RU34H7jc	Can a Budget Deck Keep Up? #mtg	178000	1251
RJsH-RJ3OGU	Arcane Denial is Garbage, and Here's Why #mtg	48000	1460
KH7U1pkgiVI	Better than a Booster Best Budget Buys April 2024 #mtg	27000	800
v8vPwgGVsVI	The Best Cards For Casual Commander #mtg	28000	492
uNZh6QIJOGk	I Love Loot #mtg	9500	148
oROGMrU4itk	How Well Does Chat GPT Know Commander Cards? #mtg	6700	1542
DpW_83JYNAg	Every Deck is a 7 #mtg	61000	921
D5-6afUbxIY	A Guide to Goad Decks in EDH | How to Build a Goad Commander Deck #mtg	60000	637
qvf-pXrSu9s	How Bad is Spelltable Actually? #mtg	78000	944
KkyS-fM8c2U	What is the best ramp in commander? #mtg	31000	394
mGw2qLg83V8	Your Favorite Commander is Boring	253000	793
rsLFBAJU4ok	The Most Powerful Theme in Commander #mtg	115000	617
OqEOv2shLMo	These Decks Never Run Out of Gas	104000	804
p-nQwRYF56Y	Better than a Booster Best Budget Buys March 2024	29000	658
QdgcbSrYZzY	The Hidden Power of Priority | A Guide to Priority in EDH #mtg	41000	589
OXK3z4_q2KQ	I Smashed a Combo Deck with this! Commander Connect | Magic: The Gathering EDH Gameplay EP:1 #mtg	4000	553
dReAN_mYiHU	When the Turn Gets too Long #mtg	18000	683
EjhhLL_jEno	How to Find the Perfect Card for Any Deck #mtg	40000	431
vRQE3k_1twE	The Netdecking Problem #mtg	33000	553
_ZZgh6V9OQ4	Do You Need Fetches in EDH? (feat. Salubrious Snail) #mtg	10000	376
Ia0m0SVABbE	A Guide to Group Slug Decks in EDH | How to Build a Group Slug Commander Deck #mtg	36000	373
AFS0YWRJF3w	How to Design A Commander Deck	338000	491
nw9VSYfrdGU	Are Combos Fun? #mtg	7100	420
YeR_Shd6n3k	Better than a Booster Best Budget Buys February 2024	13000	591
lavFCEGZ2ME	Is Your Deck Fun	21000	508
SJ3BkSqq4Qs	The Unwritten Rules of EDH | What you can and can't play in casual commander	8400	467
FvJAIjgLoSs	Top 5 Murders at Karlov Manor Commanders | MKM Spoilers	1600	447
hNGxpEiFhTo	The Best Format You Haven't Played | How to Play DanDan	11000	329
qhoc7F9C7Z0	A Guide to Enchantress Decks in EDH | How to Build a Enchantment Commander Deck #mtg	22000	523
xu8_GkoGceU	Precons Are Bad for Beginners #mtg	6000	514
aJQkG8VktMQ	A Guide to Mulligans in EDH | How to Get The Perfect Hand in Commander	5500	346
eO03zyWUDyI	A Guide to Toolbox Decks in EDH | How to Build a Toolbox Commander Deck #mtg	37000	537
MyZyP4UD61c	Better than a Booster Best Budget Buys January 2024	3100	310
QKOHOZ3LJzU	How to get more than 100 slots in your commander deck	5000	281
gpQBL0-Mrqc	What Combos Are Ok in Casual EDH #mtg	14000	452
K5yUVs4KBl0	The State of Commander in 2023	1100	487
v00dKHI0Gx4	Should You Play Graveyard Hate? #mtg	4400	559
T8z0ZDjSsr8	Rating the Best Commanders of 2023 #mtg	1900	823
g0RoAfMA-Xc	Why Were Old Creatures So Bad? #mtg	3100	213
ruS_uKj9Lfw	Charlie Brown is on a Magic Card #mtg	2400	105
yuVBmX14d3A	A Guide to Aggro in EDH | How to Build a Aggro Commander Deck #mtg	42000	637
S-YbHScyut4	Better than a Booster Best Budget Buys December 2023	3700	482
GPC79GQ0_p4	A Guide to Sandbagging in EDH | How to Not Cast Cards in Commander #mtg	5600	469
Oc5XlyJ0ZYQ	Don’t Play Wheels in EDH #mtg	8100	471
a-Jcam8_OIo	You Shouldn't Play Powerful Commanders	25000	366
Q8bYoLcnPUE	Are EDH Players Too Entitled	4500	347
KnnLkMFwDQM	Kosei, Penitent Warlord | $60 EDH Budget Deck Tech #mtg	4900	340
jiAjxe8ncnU	A Guide to Voltron in EDH | How to Build a Voltron Commander Deck #mtg	44000	502
6wKvShpWIRw	Better than a Booster Best Budget Buys November 2023	3300	382
YDmd8DnIBTE	Universes Beyond Will End Magic The Gathering #mtg	11000	951
IAQiLclp464	Should Rhystic Study be Banned #mtg	3200	562
Hn6b6kS8OHE	Every Mechanic in Lost Caverns of Ixalan Explained #mtg	1800	429
cNsAB_YpuWg	A Guide to Artifact in EDH | How to Build an Artifact Commander Deck #mtg	59000	496
SrZ0URNSg2U	How to Beat a Pubstomper #mtg	6700	589
7XZdRnZuV_s	Is Your Playgroup Getting too Fast? #mtg	3700	551
Hr6KLu--TYA	MTG Dr. Who Spoilers the Best Doctor and Companion Combinations #mtg	1800	382
FkrC5JymZOU	Don't Build Around Your Commander #mtg	36000	423
sHZ9n3m5-gA	Better than a Booster Best Budget Buys October 2023	2300	641
sjGVaS87hQg	A Guide to Spellslinger in EDH | How to Build a Spellslinger Commander Deck #mtg	59000	376
G16B_AfAJDQ	Delving into the Salt Mines of EDHREC #mtg	1800	360
czBTk3KRxEo	Are These Cards Too Good #mtg	3100	420
uvBFE-Tefjk	Politics Decks Are Fun #mtg	20000	348
G8Jrich5YAQ	These cards need to be banned	8800	329
WsKZywriw_0	The Problem with Rule Zero	4500	652
13mYJ_LFCeM	Better than a Booster Best Budget Buys September 2023	1800	503
1HwG5Dep7_0	A Guide to Reanimator in EDH | How to Build a Reanimator Commander Deck #mtg	51000	658
s9-2xsxfcI4	MTG: The Role Mechanic Explained	476	226
kTyY6h16aZ0	Is EDHREC a Problem? #mtg	4900	894
chdnw7rRpts	MTG: Top 10  Wilds of Eldraine Cards for the 99 #mtg	465	618
5IY1iwj-bRg	EDH Banned Cards Tier List | Ranking Every Banned Card in Commander #mtg	7800	1606
-Mi_kjWJeR0	Wilds of Eldraine Face Commander Spoilers #mtg	594	327
Oa-sIBQ_8io	Tribal Decks Suck	39000	462
yKcMXQjX4Lg	MTG: How to Build a Mana Base in Commander/EDH	13000	470
6w7BRYqD6bA	A Guide to Evaluating Commanders #mtg	36000	932
YFdbWPV6n_8	MTG: Non-Blue Counterspell Tier List	6700	656
ILi_H9nnzns	"Enduring Enchantments" Secondary Commander Dech Tech | Commander Lieutenant	1400	461
9l8tdw2QD5c	Better than a Booster Best Budget Buys August 2023	2100	621
LdFKIEy893U	Control Decks Are Fun	43000	663
1zsYrJAxa-c	The Worst Commander Precons	4900	601
hpvcw60zMFU	MTG: Doctor Who Comic-Con Spoilers	488	339
_QT5f7K-PCw	MTG: The Most Underrated Artifact Commander	11000	602
gMV2OBEMdhM	MTG: Top 10 reprints from Commander Masters	2100	520
kcN13CPmkgI	MTG: Are Takebacks Ok in Commander	435	183
qHkxF6190XY	The Most Underrated Lord of the Rings Commander	3600	168
clrZgYNf0l8	Combos Decks Are Fun	13000	463
ekxF0MNsMaA	MTG: The Worst Secret Lair Ever!	4100	141
OjQtOnjEjsw	Is it Worth it To Go To A Commandfest?	3000	989
SMb9yUem5lU	Tutors are Fun	2900	326
Rq89VfwfPAY	Destroying the One of One Ring	1000	16
gD8WAyWmsco	Should Planeswalkers Be Allowed in the Command Zone?	1500	240
rmr6vV6AWfM	Lord of the Rings Commander Precon Preview: Top 10 New Cards!	1300	567
eT_uhpeU5M0	Lord of the Rings MTG Spoilers: Top 10 Cards for the 99 in EDH	1700	799
A6yySHWyGl0	Top 10 Budget Finishers for EDH	4600	523
rE4K9Npo7VI	The Perfect Misdirection	2000	160
TmV3bUfKG30	Stax Decks Are Fun	18000	623
n1XVOPcEzLA	Chaos Decks Suck	22000	309
FtN-U6DrouE	Lord of the Rings Face Commander Spoilers	730	528
FW7dSzWTzQo	Winning with the Worst Card in EDH	1500	265
PoVI5AFvwYA	Group Hug Sucks	39000	367
eFQqw0wGxx8	Top 10 Trinket Mage Targets	1000	287
guQGOFSMD88	The Best Mono Red Commander You Haven't Seen	11000	250
Mo12mqFg5wE	The Best Multiplayer Mechanic in EDH	2800	400
L931GUxBiX4	MTG: The Ring Tempts You Explained	21000	217
lPbv2XRR9ho	MTG: Commander Masters Precon Spoilers	11000	374
zUfvfSFFlaw	MTG: Top 5 March of the Machine Commanders	438	351
MHscTd7KCMw	How To Shred Your Opponent's Deck	386	161
ksHsGfY6zaY	Top 5 Wacky Combos for EDH	1000	212
hHl12ZXwG_Q	The Best Gruul Commander You Haven't Played	8500	411
OdvSeWZ-H7k	MTG: Ranking Every Battle from March of the Machines	530	1571
8zwk_lfM3pk	MTG: March of the Machines Spoiler First Impressions	314	663
8I82Winw_i0	Top 10 cards that should be reprinted in Commander Masters	1700	323
MpQ-nroF13Q	MTG: How to One Shot A Player with Frodo	6900	145
Oe4amzZFZWA	MTG: The Best Saga Commander	3700	190
l64i8LzeL2c	MTG: The Most Overplayed Card in EDH	929	391
qy4XyM9KB-M	MTG: Top 5 Misconceptions about CEDH	997	269
qyaTEFo45ok	MTG: The New Omnath March of the Machine Spoilers	2700	121
hFO1NulNhlU	MTG: Explaining the Play More Removal Argument	13000	320
vboW43yzDt8	MTG: Should Infect Be Changed in Commander?	717	69
i-aT2TKdwks	The Cheapest Possible Commander Deck	499	115
M0nEM7zQAgs	Changes that Magic the Gathering Needs to Make in 2023	306	190
iMDS1YtjFPI	MTG: All Formats Explained	55000	708
FbAzZt_R3s8	How to Build a Commander Deck for Beginners	91000	575
_X_o48xXGG4	Dockside Extortionist Should be Banned and Here's Why	3800	361
0Olde1hYxwI	MTG: Explaining the Dies to Removal Argument	2400	178
Cm3RZMtkvy0	The Magic 30 Experience	404	322
LoATs8GOCPI	Magic's New One Card Infinite Combo!	673	103
Jxa0twtZeNk	MTG: The New Best Artifact Commander	29000	61
luFeqC8SJFA	MTG: Top 10 Warhammer 40k Cards for the 99	1200	558
ekDU4OcFnHw	MTG: Top 5 Budget Board Wipes	1300	204
JQ9Z4wk1XOk	Ranking all Dominaria United Commanders	310	2830
S9jZtiSaMtA	Commander Must Haves Checklist	577	149
sJRZu5Ovyh0	MTG: Utility Lands You Need to be Playing	698	244
SXVT9P_LyXM	MTG: Why tutors are actually good for the format	340	199
wjTeni4PG7I	MTG: A guide to threat assessment in EDH	1200	174
ivPpOuYUzrk	MTG How to choose a commander	5800	179
pZvfu4XJYog	MTG Top cards we want unbanned	211	454
o2-rFoDvqqo	Top 10 Cards for the 99 from Commander Legends: Battle for Baldur's Gate	214	635
hTXmcKnDAPM	MTG Battle for Baldur's gate Every Background Commander Ranked	2000	1797
-8cMX6mXzZ4	Counterspell Tier list for EDH	1000	894
aN7rnue43lE	My Favorite Card	1200	61
k_z8RhY1MzU	Hidden Commanders Salvaging Station	2400	253
0tAlAtNnoLU	Contract From Below Ep:4 Staples	158	3556
Tdy5caEWeoo	Contract From Below Ep:3 Politics	65	2452
yl1sCX4kJV0	Contract From Below Ep:2 In Defense of Combo and Stax	133	3186
q88pWTSFUJM	Contract From Below Ep:1 Pilot	517	2555
