Aup0YAgW4Gs	But why did Jace have to make everyone hotter? (With @Maldhound)	62000	1809
xy16QHJU-ls	All Underplayed Utility Lands in Commander	64000	1569
3M1593kMHBs	IS PAUPER FINISHED??? (pauper powerpoint)	44000	2044
Ybrj2EqfIVQ	Should you run bouncelands in your deck?	56000	735
oVHCAyg-7mw	A Defense of Temple of the False God	33000	671
GTfrNCVaGUU	Popular cards you didn't know were part of weak cycles	52000	1189
3n5HpkiY_iI	Commander’s Most Misunderstood Archetype	35000	675
sD0AtHQv4z0	The Wonderful World of Tiny Cubes! (how to make a cube for under 4 people!)	16000	1336
P8qi7RaUK5s	Ayara and the truth of fun in Commander	31000	1078
XyPKox1fTSw	EDH Gamer's Guide to Removal	32000	921
VStPAnMkZvU	"Dies to Removal"	18000	486
4tUmPz4Qu4E	COMMANDER HORROR STORIES	17000	956
fqiU4A5DGmQ	Every way a card can be annoying in commander	20000	923
jOCZGxIhgR8	The 4 Different Kinds of Commander	45000	901
SK16AlD5gT0	EDH cards I can't live without	51000	1627
xb3IVZ1yHcY	Your next favorite Commander is Uncommon	26000	858
fDP_5XaGBvk	Has Commander Youtube IMPROVED your Decks??	17000	856
aD2uz3YkfsU	An EDH Gamer's Guide to Boardwipes	38000	839
iaUQOvquahQ	changes	45000	495
vkC70bIXLw8	The Hidden Biases that RUIN commander decks	22000	768
C2HEargnkzg	The Commander Personality Matrix! (Where are you?)	69000	1311
iALF5Od_fHQ	MISERABLE Commander Cards that Can't be Saved!	43000	933
B1ndvdN8h08	Curses D&D Players will BEG for!	6400	761
cEKdAxwJdTo	Capitalism is ruining your favorite game: what to do	20000	754
cZ7_y7F_CqE	How a 25$ pile of garbage has become my new favorite Commander Deck	32000	577
lzOgFiFQNBU	Giving your Commander decks Counterplay can be easy AND fun!!	19000	576
KrYuK5auj7c	What is the MOST annoying archetype in Commander??	40000	1383
aVnKQFq9BcE	ROASTING YOUR Commander Hot Takes... (I regret asking)	48000	1494
tlrIDmarGvM	The Mistakes YOU Make While Brewing in EDH	37000	550
3cESvNwGR38	Flowchart that finds your Commander Deck Archetype	103000	1137
F8CQKzWhZzE	What is Magic's BEST 1-Drop?	36000	924
Li_rqwC3kgk	An EDH Gamer's Guide to the Graveyard	77000	864
gNF3-lWPD0g	The Commander Youtube Situation is Crazy...	43000	701
eAk5aJdl8x0	Yapping about weird cards so you have something to listen to at work	11000	5687
otfMsVFLYW0	Can A Prison Deck in EDH really be "Casual?"	27000	798
v8k68OlzAQg	Don't Ruin your EDH Deck with a Combo!	36000	550
1D3yhGB1eUQ	Phyrexian Arena is Garbage, and Here's Why	52000	843
74gLJ20Z3OI	MTG Cube Infodump to Fall Asleep/Work To	18000	8657
TAhypH4dP_A	The Most Unhinged EDH Artifact Deck You'll EVER SEE!	21000	726
zsq0IWkEPVg	Stop Playing Solitaire in Commander	34000	547
cR5-_ym_0lg	Every Unhinged EDH Hybrid Mana Play to Look Forward to	16000	657
GkOnM-1U3_A	My favorite reanimator deck in Commander!!	22000	596
9iPpXtHtZMc	The Absurd Reasons Commander Players Hate Tutors	35000	744
POD0MulrM0A	I TORTURED 4 MTG Artists with an EVIL Drawing Gameshow!	17000	3868
LMBgWmDjLtg	EDH Value Engines for the Utterly Deranged	38000	559
Hiif8tKLpNo	An Autopsy of Magic's Spider-man Catastrophe	39000	701
ePH0lAMhdDk	How to play Cube, Magic: the Gathering's best Casual Format	46000	1044
3zQP3duJah0	Chatter Builds Commander Deck that Explodes their Commander Forever	18000	3706
fq5a76K2jtQ	Ranking My Commanders (By How Often I Play Them)	35000	1147
q4K2fQqB7Co	I cut staples from my decks, and here's why	29000	709
z926jQgIIjk	TORMENTING 4 EDH Youtubers With an Evil Commander Gameshow	46000	3748
Z_2ChbYhmo4	How I Built my Most EXPLOSIVE Commander Deck	46000	696
nYvDcUIKHnU	Chatter Makes the Most Sapphic Deck I've Seen	26000	2566
S1_XCmLNfek	Overplayed Staples in EDH	39000	803
bajPngFjiDg	Evil-ifying Your EDH Decks! (Viewer Deck Reviews 3)	21000	623
IgW0viUzPaA	I TORTURE 5 EDH Creators with Evil Family Feud	69000	1968
5aQn_R1RIdM	Mana base...?! More like mana BASED!! (Commander Deck Reviews)	23000	3275
vlGy4tutIWA	VEHICLE COMMANDERS AREN’T BORING! Check these out!	15000	510
vurA3rEfs5A	The WORST Archetypes in EDH	62000	572
IsFnhc2nLqE	HIDDEN GEMS for Commander you Don’t Know!	31000	543
LmIm-_dbz9U	6 Unique Commander Deck Ideas you NEED to Steal!	44000	577
dkLaXP2r9HA	The Secret to Consistent Commander Decks (Toolboxing 101)	37000	545
AgnoOpmFyVk	I've Reviewed Over 200 Commander Decks, Here's What I Learned	50000	541
DpKJbrb0Khk	Updating your Commander Decks 101	21000	578
UAF5ZffX6gw	Commander Staples that Fell Off	36000	569
S6bV67TiDDs	How I built the best “Control” deck for Commander.	44000	599
JE1guKp5sZo	Smug Youtuber SAVES Your Commander Decks (Again)	27000	692
2S6R-qZZ9ug	E-Boy Youtuber SAVES Your Commander Decks!	41000	860
ynjVK7n1n58	This Evil Commander Deck is ONLY COMMONS	24000	517
LgEuoKa7ai0	Follow These 3 Commander Deckbuilding Rules or you will Explode	51000	515
NGpDVCw89-g	Card Draw in Commander is Worthless unless you do THIS	47000	496
hXUEwAFIgR0	The Secret to making Pet Cards GOOD in Commander	33000	513
bhXveABXOtM	25% of Commander players run this card. LMAO.	92000	590
UZ9P9imy9ck	The 5 BEST (and WORST) Commander Designs	25000	547
dkY6WoDxch8	Your removal SUCKS in Commander	51000	579
U7TdliHHR7g	The Commander Player's (Quick) Scryfall Guide!	53000	790
bJKuSubokcw	This Commander Deck FORCES you to Play Well!	42000	668
0jqC23nhAiU	Commander Decks that Just Don't Work	55000	847
i4MhBKYX3Jw	How I Built my Most Complex Commander Deck	53000	593
YupHBcZVBZg	Everything you Know about Mana in Commander is a LIE!	71000	577
ijZzWwEzooY	The Deadliest Commander Deckbuilding Sin	101000	536
n2mgeEoifWA	How to MERCILESSLY cut cards from your Commander deck!	91000	515
r-2a0D3j2Tc	The Most Miserable Card in Commander	36000	599
7LRknZZmtJM	Commander Precons would be great (if this was fixed)	38000	979
LKOKHToRTkA	I hate your Commander deck! (Not for the reason you think)	37000	683
S2s7-6_se-M	The Secret to Building Commander Decks you Actually Like (And Keep)	95000	590
HbtUIh095_M	Is it Possible to make Atraxa fun in Commander?	26000	542
ZkH_RHwbbt0	I asked 13 MTG Creators... What even IS "Casual Commander?"	31000	2545
DpeoCJYxVY0	[EDH] Commander on a Budget	14000	355
dE3Ds7dBBpc	[EDH] How to Make Impactful Commander Decks!!!!!!!!!	33000	631
xfFBvM-6aLs	Universes Beyond: A Measured Response	10000	621
8dyv9En2g80	[EDH] Combos & Tutors are only boring if you are	34000	727
B8bv5lwiGrw	[EDH] WotC CONFIRMS my suspicions... (My issue with recent set design)	20000	495
Qgc1FXtikfI	The deck? Goated. The pilot? Washed. | VINTAGE CUBE DRAFT	1400	7432
Tgd9L1zNkK4	[EDH] All about MagicCons! (Feat. Trinket Mage!)	3500	809
FYFj8kNzXtM	CHANNEL UPDATE and Q&A	3200	346
Er0v4QmDMUU	Commander is bad, but that's good!	8300	521
TGhktWWBlZs	[EDH] Avoiding Slogfests in Commander	14000	404
d_5KfAXNz5A	Judith: The COOLEST aristocrats commander	29000	488
5Ke64eQ_H1k	[EDH] Commander isn't my favorite format	16000	424
prg6qNDgjsk	[EDH] What you NEED to make a Commander deck	66000	908
D5RvQLD0f84	[EDH] Lessons from Decks I’ve Dismantled	15000	566
QdbzQz-YT5g	[EDH] Sephara: Please don't run Healer's Hawk	19000	541
uqiygfohojM	[EDH] My favorite green commander WANTS to be destroyed	26000	579
M0X9jZblbCM	[EDH] Pharika, the unloved posterchild for MTG reverse capability 🐍	37000	635
X6ltTDK6uRo	this is the bad older version of my first video, enjoy.	NA	1092
