z3z5mMrx_9g	Why Do Commander Players Hate Combos?	75000	1230
_YshyOl2UMY	The 5 Types of Commander Players	91000	930
1j7nKCBN93g	10 More Unwritten Rules of Commander	98000	1464
Z4MN5aYM6nQ	The Most Addictive Way To Play Commander	42000	976
O5t8CVAb07Q	Top 5 Things I WISH I Knew Before Playing Commander	48000	1320
SexED2E9v1Q	The Most Boring Archetype in Commander (And How To Fix It!)	42000	1270
iB-dDMEmPhM	Commander's Most Abusable Mechanic	49000	1260
65gr54-6QHk	What Is The Strongest $50 Commander Deck?	20000	1170
3MpuwPX4RNw	Top 10 Unwritten Rules of Commander	182000	1021
8Nn8_s9Q0Bs	Why YOU LOSE Before TURN 1 in Commander	42000	981
QL-XhglH4sM	The BEST Commander Archetype in MTG	54000	1201
ItuMWgL7OsM	Top 8 Commander Deckbuilding Mistakes (You're Probably Making)	85000	1366
jNewjLAzPoQ	Why YOU Keep Losing Games in Commander (It's Timing!)	57000	1088
DkBR3o6OZAs	Top 10 Blue Cards That Ruin EDH Games	12000	939
okgKaZwQcWg	Why You Should Actually Try cEDH	NA	1163
uBwlVdA7qzc	Top 10 White Staples in Commander That Ruin Games	17000	973
uwIUHE6QyyQ	How to (Basically) Cheat in EDH Deckbuilding	44000	1033
t3xmD1JFxvU	15 New Commanders That Made My Table Miserable	66000	896
xQ8FXDfzaKM	The Truth About Tutors in EDH	12000	736
LHFONR9Pu4Q	The 7 Deadly Commander Sins	NA	876
o7SsqhwXpms	The ONE Thing All Good Commanders Have In Common	32000	907
75F1IJlKtyk	Your Deck Is Missing Something HUGE	14000	1021
4sFjngqfO8Q	Is Aggro Viable in EDH? (Kinda)	16000	820
eKRWu09Q6TM	Threat Assessment Mistakes Every Commander Player Makes	25000	898
x5FBJ83mUAM	Are Commander Brackets Any Good?	6400	880
Sv57NEn0PXg	Magic's New Normal & Universes Beyond	2800	1072
9wLss_wr6rI	Why MDFC's Are Broken	10000	1357
O_v3HpnnCds	How To Become The Archenemy (and Win!) in EDH	48000	1289
vfjIC4_d7OE	Your Pod's Nuclear Arms Race	49000	1155
-gK97zl6qjY	Should You Lie In Commander? (Yes, But I'm Lying Too)	18000	975
X-TRtRKjcLI	Your Deck Sucks (and How To Fix It!)	26000	805
ICHL_3PuLpE	Universes Beyond - Highway Robbery At Best	1500	737
