0M-wVHPrW1E	✅Interviewing top MTG Judge 🚩Spotlight practice #MTGOCreator
o-3NGtznCcE	✅Opening The Hobbit ✅ Rules discussion 🚩 Spotlight practise #MTGOCreator
jhx1-K1QMUE	How can an Average player win a massive tournament? - Live Coaching [🚩] - MTG God Gamer Gauntlet [🔜]
N6qj6844dSA	🚩🚩Riftbound Unleashed Unboxing -- Playing Pauper #MTGOCreator
Ssoe1xkOr94	Lorcana: Winterspell Packs -- 🚩🚩 Playing Pauper #MTGOCreator
7ZFdEo2I6oY	Riftbound Packs -- 🚩 Playing Pauper #MTGOCreator
OP6OywEygDI	Lorwyn Eclipsed EARLY ACCESS!
FfPEp3HArv8	Opening Avatar Commander Bundle!
FMzRp2NigJw	MTG Avatar Early Access Event!
RnuZEDRktMg	How to play Riftbound + Box Opening
L7t6liFRIsA	THE BEST ART IN MTG - Edge of Eternities MTG Collector Box
6-qvrTe-39g	EDGE OF ETERNITIES EARLY ACCESS + Pack openings!
U__zmlxC57o	FINAL FANTASY EARLY ACCESS + Pack openings + DraftSmith Giveaway!
wWqQjyiralI	Checking out the Reign of Jafar - Disney Lorcana's latest expansion! #Gifted by Disney ANZ
OLxQ6mgzvMI	MTGO Creator Showdown 5K!
hFaY3dOtaQQ	Can Eldrazi beat the Energy Menace? - MTG Online - Modern League
SZIqovjlw1A	Is Eldrazi Ugin Ramp the new best Modern deck? - MTG Online - Modern League
2pI1PruUzSk	Can AI help us get 7 wins on Arena? - MTG Arena - Tarkir Limited
HyZ0W1BZhPM	Can we cast our entire deck for free? - MTGO Gameplay
mJiDfpX_fo0	Is the DOOMSDAY deck worth building? - MTGO Gameplay
1_7yIvk2_jM	Opening every Disney Lorcana Product! + Learn how to play! [Gifted]
U2jDVoZdUIk	Tarkir: Dragonstorm EARLY ACCESS!
9fWkEF9oWqE	Can AI help you get 7 WINS in Draft? [Live Stream]
alkIQj8JL0Y	I actually enjoyed the Aetherdrift Early Access... - Stream VOD
hekPsCS1i9I	Collector Box opening - Are my packs stacked? - Part 1
