2sWfuDB_isk	My Hair Routine	3300	NA
nyJwA4RqDD0	STOP THE NONSENSE	30000	NA
7mGUKkX4vO8	Magda Players LISTEN TO ME	205000	NA
1ciUOhIRKfE	Green Players COPING	248000	NA
KJ3NhIfgTVU	The Most Important Part of Deckbuilding	173000	NA
-xfS0nJuUzU	The Green Players CANNOT Read	267000	NA
KvlIwz4oYWU	They Just Don't Care	275000	NA
XSbi-B3qiIs	WHAT HAVE THEY DONE TO HIM	552000	NA
BcCUmb-QMmY	They Made Stax Funny	375000	NA
KwWBaxOq0_8	Making Deals In Commander	165000	NA
6Yrrm3ffM88	I’m Leaving the Country	86000	NA
ZP2vjUAORcc	Undefeated Design Philosophy	383000	NA
-6VYrT2iKeI	WHY WOULD THEY DO THIS	458000	NA
EOP_c2bJRRU	Reality Fracture is Insane	443000	NA
weZ69v0O8DA	Lying in Commander	366000	NA
4R4kIpQL3DE	Orzhov Players Are Wild	265000	NA
8uSmrNfcz8k	The Chocobo Bundles Situation	356000	NA
fDx0p6oKWcA	Mystery Booster Commander Reviewed In Thirty Seconds	530000	NA
cb92-0n2I10	FAIREST Thoracle Win Ever	464000	NA
BHN-0I7-BKQ	Are They STAX or Just Toolbox	226000	NA
Wd_gQ7tmVJE	ZOOLANDER DECK ALERT	651000	NA
eIDUdVSBB4c	Every Aristocrat Deck Ever	170000	NA
UMfD_8D6jvI	The Worst Wincons Ever	295000	NA
Iu2NiGLtC8g	This Deck is a DISASTER	213000	NA
LPLsqWNvsTw	Green Privilege Moment	699000	NA
rpaNjmbvCDI	Getting Through Burnout	80000	NA
lAc_lg0o7yg	Golgari Players Are Evil	500000	NA
pz0y9-46Dyw	It Really Is Like That	198000	NA
qMlNCR_gkAk	You Can’t Trust These People	377000	NA
O8oGqOM64Ek	Be Realistic	393000	NA
5DK1BNVHWKk	The Problem with Lazy People	83000	NA
jaHeAyIYPbE	We Could Make a Religion Outta This	647000	NA
rNMFR32r76Q	Lazy people DONT FEEL GUILT?!	184000	NA
Mbh7eNdSKgY	Carmen Cruel Skymarcher as a Commander	239000	NA
UhVCHHW4dYY	When Your Friend Goes to Therapy for Commander	154000	NA
7iD70K-V9mE	Getting Your Commander Pod to Play Interaction	249000	NA
Jc5sQ1duIXc	Get This Man	346000	NA
zxypClj7WDc	Judging Your Commander: Thranduil the Elvenking	300000	NA
FD-0-S_jM5g	Mechanically Unique Secret Lairs	304000	NA
CzR9qirJ30M	Collector Booster ONLY Cards	400000	NA
XxxXj1o58lg	I Love Politics	116000	NA
6b9QnSdQoKg	Rulebreaker in Commander	646000	NA
e9Xn2E7u_MA	It Got Worse	457000	NA
-mPa0sAzyrU	r/freemagic	336000	NA
PdslNFeeaXQ	The Eagles WHAT?!	174000	NA
XmkgoK0AI14	The Kindred Awards HOBBIT EDITION	114000	NA
-06qwrG555U	Edea, Possessed Sorceress in Commander	282000	NA
gpD7UafYJA4	I WISH IT WAS REAL	465000	NA
MmB4qT5304s	I've Betrayed Myself	725000	NA
RRero_PpHhQ	POV: You brought commander decks in the Trojan horse	124000	NA
RljbCNW6xxU	I will Never Stop Hating	751000	NA
l1eSE5CA2jc	I Am Free	123000	NA
sr04UFjMT4U	Sarulf Realm Eater in Commander	463000	NA
dBhEh0WW9_w	This Movie Baited Me Hard	89000	NA
TZvrBDKDVvQ	THEY PUT ME ON A COMMANDER CARD	284000	NA
nw_zhC324tI	Optimal Hater Behavior in Commander	224000	NA
vVizAaYhqFY	The Best Way To Teach MTG	137000	NA
LRAsDd_BW2Y	Thoughts on Mark Rosewater	280000	NA
MWBWMivkAhk	The #1 Deckbuilding Trap I See	180000	NA
vSz-n-vQzJ8	My Decks are TOO STRONG	314000	NA
F1h1Oo7FaQM	My #2 Most Hated Commander	623000	NA
CZAO8Qne8Kg	POV: Your Name Is Mitch	214000	NA
n85L1_jbFrA	Star Trek MTG Spoilers	487000	NA
aiafS3HmdOI	Tor Wauki Explained	282000	NA
YD5I54xNqjE	Was He Pubstomping	190000	NA
8L0hRXPUASA	Why discussing Deck “power” doesn’t work	167000	NA
kMfZW494NQQ	Classic Commander Comedy	162000	NA
MgQsyeMJdzw	Cutting Down to 100 Cards In Commander	267000	NA
ec9on0vrM7E	I’m Tired of Zurgo Stormrender in Commander	323000	NA
YSw_N1_U2OE	I Am Being Conspired Against	190000	NA
P8zzTandIbQ	WE DON’T NEED MORE SUPPORT	335000	NA
W394w67yelg	How Interaction Changes Your Commander Bracket	691000	NA
sYAyvlYdU4o	I Swear I Know Ball	371000	NA
nkv7Tu-5BQY	Take a Breath	38000	NA
qtL4MfND5UA	I'm Unbothered	187000	NA
SBf4aI-Q4JA	They Are Trying To Trick You	185000	NA
AibN_GjwiNw	The Worst Marvel Precon	248000	NA
wrFkd9-NM_4	Not Everything is Power Creep	385000	NA
L13IAM9_EPY	Dont Be Like This	144000	NA
2MDquasXbzI	It’s Beautiful #mtg	278000	NA
Wx0B4fTI2oA	Don’t Make Me Do It #mtg	487000	NA
_BApXNEz7oA	I hate AI	106000	NA
LltCirDzKwM	When Scarlet Witch is your Commander #mtg #mtgone #mtgcommunity #mtgnt #mtgcommander #commander	340000	NA
0qdKO4Pbia4	Kaalia Players	308000	NA
mdvlFVcZe_A	The Bant Hate Explained	330000	NA
1uQ-hAAtcR0	The Unbelievable Squirrel Girl #mtg #mtgnt #mtgcommunity #mtgone #mtgcommander #commander	531000	NA
EFY9bU5UXzY	The Most Boring Color In Magic	887000	NA
KGYPMLufsl4	The Secret Marvel Crossover #mtg #mtgnt #mtgcommunity #mtgone #mtgcommander #commander	116000	NA
OOc2M_pA3uw	All Roads Lead To Ramp	452000	NA
d1PqZnHxu1E	Proxy Thoughts	226000	NA
_KtkkzCSIec	I Love Green Cards	242000	NA
VMLZjJfjPjQ	The Marvel Design Process	322000	NA
LSBTezDrmkE	Sauron First Reaction	370000	NA
kjQOAkW_0Qg	Stop Lying About Molecule Man	721000	NA
W2yWXYyzFUs	I watched too many BigTugg videos	226000	NA
9DF6YiiEj8c	The Vision First Reaction	305000	NA
h7R-xSPVu-Y	Ruhan of the Fomori	421000	NA
l6Gw-ZzHOqk	Just Let Me Do a Little	77000	NA
so3hn1I4njU	They Deserve a Little Treat	117000	NA
Im4OcbbOUF0	Why We Get Commander Spoilers LAST	312000	NA
XQRkz47XdtM	Is Limited Cooked in Marvel x MTG	226000	NA
jJRd2-Oeya4	MTG Thanos First Reaction	669000	NA
fG1JxYVHV2c	When Your Friend Recommends a Game	40000	NA
uyaaPkYqh4A	I Can’t Believe Some People	900000	NA
Fx7R3KDIHHo	Holding Myself Accountable	89000	NA
FbtWmiEyJro	They Were All Fools	169000	NA
T-9Vo69MzlI	This Is The Worst Game Ever Created	41000	NA
VdTx1XYQe7s	New Player Deckbuilding	400000	NA
y1ycLUus4RA	Called Out	90000	NA
lvjVZNhTAlo	Colossal GraveReaver in Commander	377000	NA
Gy0ckoEVdZk	The Guy Who Needs 5 Mulligans	393000	NA
qtcKKWyFgeM	Why Does This Always Happen	121000	NA
zHzyRWaXhWY	Just Tank It	151000	NA
cDHW8k7stcQ	Bird Players in Commander	224000	NA
LqFyj4k_wfQ	Keep Dreaming	116000	NA
s77VCDYXAnY	The Worst Card I’ve Seen In a Minute	88000	NA
QZoaQB7TsFM	Nonstop Bangers	317000	NA
pXSbvU3aAaI	They Are All Liars	493000	NA
njM3lifFGMs	Survival Not Guaranteed	224000	NA
WW01UmxFXnA	Samut is a Banger	368000	NA
QT_IoeswrRk	League Never Changes	86000	NA
8ydKpUZTz88	They Never Learn	273000	NA
4hEWBm7nJk0	Bro Confused His Azulas	198000	NA
4iLNBz28jaA	I Love Being Rude	171000	NA
E1koDtnbYMA	The Secret To Removal Spam	192000	NA
7ZQ9sVNa9iU	You Can WHAT The Etali	403000	NA
F2L7j7PqUWw	The Theft Problem	177000	NA
f-fUGjw_T2M	Gotta Love a Backup Commander	387000	NA
kGAgeo9zNS8	Mulligan Coping	359000	NA
a6i8_huH8wY	They Can't Even Read THEIR Card	175000	NA
F4HUbnxyPNM	Cursed With Foresight	283000	NA
oCJwfblh25s	Faramir Players Gotta Stop	364000	NA
HQSsRUQvVO4	Childish Green Players	248000	NA
qxxbtkmNjfA	The Problem With Goad	125000	NA
9CWVbMXxOzo	Vnwxt is Wild	872000	NA
MJc2swRy9uk	We Have to Move On	223000	NA
-FHyTl1CFtU	MTG Potential Man	121000	NA
9nI6NWI170w	Magnus the Red Goes Crazy	491000	NA
Z8WziRvKVhc	Strixhaven Ruins My Relationship	566000	NA
eSzkYjT6K54	Don't Play With Me	165000	NA
1mGm4OxmOB0	Bracket 3 Hypocrisy	493000	NA
Tlw5xxzdCk0	The WORST Precon Habit	453000	NA
kex-qt9c36s	MTG Arena Forms a Union (allegedly)	298000	NA
r-l9mFT4zHE	An Elesh Norn "Combo"	336000	NA
BfoBsc4V75E	The Reality of Blood Moon	264000	NA
6u0Jg_vqFVE	Average Slay The Spire Experience	55000	NA
_ixsTeuabys	Dr. Strange Looking Kinda....	368000	NA
hvf-otB7fSc	Elk Asks The Important Questions	159000	NA
UCoWOZibOVc	IS Flubs Bracket 4?	168000	NA
ce9PTscWW3E	The Important Thing About Lessons	211000	NA
O2OGaSsPlPE	I'm Coming For the Title	107000	NA
UE_sXK4yl2Y	Combo "Payoffs"	71000	NA
HeiQgl0BpyA	Cube Players Need to be Punished	241000	NA
YknghX22xjE	The Best Primer Ever	177000	NA
9deklnSuwTw	Making Dino Decks Fun	1000000	NA
Curt6wONZRU	Astoundingly Unplayable	136000	NA
t05XdpUsIf0	The Most Important Debate of Our Time	278000	NA
7Lumn0BynaM	We Cannot Be Serious	242000	NA
p0wtLSegtVA	I Am A Stupid Man	136000	NA
gvbhnvBqJgM	Long Primer Guys	109000	NA
t7fVxlGAbug	I Love This Man	721000	NA
r3aVY8Opoqs	I'm Begging You	117000	NA
6ncw7OKPA6k	I’m Doing It Again	70000	NA
OSykpYdkI5Q	Who Did This	1000000	NA
IXuMN3PYDjU	Is This Even Good?	501000	NA
NSmotp_xfNs	I'm Not the Threat	768000	NA
RbQragQu86E	People Suck Sometimes	180000	NA
szZ4SVNdxc4	Jin Sakai Does You Dirty	563000	NA
8WS5Urpfbqs	is This A Game Changer?	569000	NA
aw4FTHzCulQ	Expectations Vs Reality	317000	NA
fRDbjJUpRBU	Who Was Right	132000	NA
xOeUnM0wP_Q	It’s all Love	46000	NA
W29wiJ2DJtc	There’s Always Another Card | Official Riftbound Preview #rbunleashed	106000	NA
VRubBdKhwH0	I Stand Corrected	325000	NA
A8j3UcjzbWo	The BEST Kratos Equipment Ever	150000	NA
JjbABevXOrc	I Am Not Ashamed	69000	NA
mUXIM22MYKo	Why Is He Like This	388000	NA
k9U9ivX1E9Y	Stop Doing This With Lands	497000	NA
YzBxJxzo8R0	A Simple Question	182000	NA
Zshbv0za2sM	Hating Is An Art	127000	NA
yHuqNDIfC60	Abaddon the Despoiler #mtg	436000	NA
auB6eHZ5oHg	Harsh Realities	385000	NA
hn9Xw1lNEU4	Stone Cold Good Advice	241000	NA
_5a2VC0teHs	Make Sure You're Covered	205000	NA
GNrgN1-SNIM	The Most Painful Recommendation I've EVER Made	130000	NA
4l1fqQm8Rwo	The Truth about Mill	985000	NA
1pfNc0uYzik	The Best Custom Card Ever	369000	NA
1SScyhGa3wA	People Play Too Much	149000	NA
ElDGYphmzXI	A Sign From Above	180000	NA
hmCVg2r7DVc	The Ancient One	702000	NA
EuGFh_26sYA	Gruul Moment	96000	NA
WtTFrQZwVkg	I Cannot Be Trusted With This	150000	NA
4s9GXaDOPDM	Deckbuilding Contest Phase 2	57000	NA
iRksGB-x51w	The Problem with Cat Players	369000	NA
odWS-tOgeQM	Karametra, God of Harvests Review	658000	NA
gN_VIVf60bI	Joining a New Playgroup	378000	NA
z7jpipeq3JM	The Bureaucratic Process	491000	NA
-DZswn7BSJY	The Downfall of Every Cool Control Card	176000	NA
2LC5GrNcW-E	MTG But It’s Brainrot	129000	NA
Y9e332Ps170	Elk Just Doesn’t Get It	158000	NA
eBNyy4ul8_s	Deck Building Competition	130000	NA
78BY_-1GZuI	Who Let You Make This	146000	NA
EZ4Qw0RGJcI	The Only Funny Thoracle Combo	259000	NA
D61JoO3t2dI	Marvo Deep Operative	776000	NA
nEBjemlDQII	Secret Blue Player Techniques	412000	NA
Hyby8xx7E1Y	The Necrobloom	576000	NA
iSj6LgAoHuM	The Blue Player Comeback	950000	NA
7AdknN2ow70	Tifa Martial Artist	516000	NA
jGKHeaewTmg	Unethical MTG Tips: Custom Cards	481000	NA
nww9L5WcGoM	High Perfect Morcant	551000	NA
w3YSWA_L0z4	The Even More Incredible Hulk	1000000	NA
s97MQ27gRK8	Playing Against Goblins	234000	NA
c3UPjw3AbV4	The Incredible Hulk	302000	NA
DeBLi73t0_U	Takebacks in Commander	559000	NA
C4iNhqWcz9I	Emperor of Palamecia	709000	NA
hQZcbS8GUIc	Combustion Man in Commander	524000	NA
u72h_VqehM4	You Can’t Trick Me	378000	NA
xA8bMYUaB_I	Hate Apparent in Commander	418000	NA
pAkIjnOYUpQ	Kratos God of War	460000	NA
E1ByRLo7Dy0	Arabella, Abandoned Doll	416000	NA
DyHumymqqWo	THEY GAVE ME A PREVIEW CARD	172000	NA
pwFe-LQb_1Q	Helga Skittish Seer	405000	NA
EWdfFCd3O4Q	My First Riftbound Beef	169000	NA
9P0F6m_Zmlg	STOP HELPING	535000	NA
GCkjDC_eojc	Y’shtola Nights Blessed	465000	NA
5-83e0fw0QM	The Littlest Guy	437000	NA
b15ojfIcOP4	THEY’RE GEODES KYLE	402000	NA
orY2dHlntxA	Gev Scaled Scorch	387000	NA
Vg_rp3_eWHI	Koh the Facestealer	317000	NA
R6l1h8clY0I	Let Me Up	341000	NA
FnPHhQplKuQ	Shantotto, Tactician Magician	370000	NA
J-SQzwekfaI	The Walls of Butt Sing Se	2200000	NA
ghsRqJH3z-M	Let Me Dream	297000	NA
RDozCMLXfws	Too Rude to Fail	453000	NA
y0fadezkWZk	So Close	394000	NA
JZTPxGy5sNY	Just Pass Bro	657000	NA
9jvBjCo2IqA	I’m Begging You	480000	NA
fVQtF80GJzc	My New Religion	989000	NA
tiL_p4rai6g	They Keep Ruining Things	577000	NA
EUU47tcaEWw	Do NOT Free My Guy	663000	NA
IgWN2bGH9aI	Wilson Refined Grizzly as Commander	387000	NA
CL3yEBAYsjg	I Cannot Be Trusted With This	555000	NA
vhN2ZYghlP8	They Didn’t Need It	634000	NA
RA-MU0Rz9oA	I Hate That I Can Believe This	118000	NA
klCnWtyvmLQ	MegaBonk	92000	NA
4o-LgxsWw3M	Norman Osborn Commander Review	441000	NA
1FSy5mTQPBk	Best Commander Politics Trick	182000	NA
kAINsF-z8Zk	The WotC Survey Incident	168000	NA
PEiT3KPZU9g	Can CEDH be Creative	196000	NA
CtZStzUhe9A	Ruby Daring Tracker as Commander	700000	NA
llpBlj1sMS4	CEDH Decks	191000	NA
usghPf47ItQ	I’m right and you know it	107000	NA
6LIiMbHMyZY	Risk of Rain 2	156000	NA
5QnwlL_ewiI	Bracket 2 Tutor Policy	223000	NA
KEVoADyBus8	Myra the Magnificent as Commander	187000	NA
wnvJ4yiTLow	Heroes in a Half Shell | TMNT MTG Commander Review	824000	NA
vYQt2p3DfD8	The Best Partner for Akroma (and everybody)	195000	NA
pG8YJK3ycY4	Mystery MTG Set Revealed	245000	NA
CbnJ-tfifho	Secret Lair Design	164000	NA
NnABAj6X95s	Partners in MTG ft. Akroma Vision of Ixidor	638000	NA
GrTAPp7wFxs	When your therapist plays too much MTG	179000	NA
4IJlOX_HikI	Neyali, Sun’s Vanguard Commander Review	330000	NA
ybmI9zlI8QA	Arlinn, the packs Hope as Commander	474000	NA
5geqEqFiMlQ	The Secret Lair Limit	178000	NA
FkPXZF6CeXM	Bello Bard of the Brambles as a Commander	460000	NA
_7LEDu16vFw	MTG 2026 Release Schedule	317000	NA
9NxjKf33zTw	Elminster as Commander review	658000	NA
V0ikfzyrMi0	Printing Weaker Magic Cards	180000	NA
sTcnUcmQ-Tw	Convention Time	84000	NA
t1HBfINDfHc	Arthur, Marigold Knight	537000	NA
9tKIE7qwdd0	Venat, Heart of Hydaelyn	796000	NA
KxqlKRgrbHI	Slivers Need It	391000	NA
5uBr_C3Um0Y	Emet Selch, Unsundered	591000	NA
pWXqlNfbVaM	Chat Designs Magic Cards	163000	NA
YCCN8PEw46g	Clip Farming	98000	NA
dhkvP5ulTBo	Helping a Viewer	255000	NA
QgAwkc-a1gc	Shadow Wizard Money Gang	208000	NA
ZnCYpXts1HA	A Removal Story	219000	NA
VJ3ySMmFYDw	General Kreat, the Boltbringer	331000	NA
MaXnP9NfWXs	Anzrag the Quake Mole	514000	NA
yF0_vaDQTJg	Control Players in Magic the Gathering	215000	NA
1gOkPoIOcvw	Mister Negative in #mtg	432000	NA
mW6lwVRfxq0	The Spiderman Set in MTG	134000	NA
XDPtq9fk2pc	Cosmic Spider Man	445000	NA
H1_wsCUevmE	A Pet Deck PSA	165000	NA
6HiZ8-d-7z8	Protecting the Vibe	164000	NA
P3HavdsweXY	Bill Ferny, Horse Guy	364000	NA
ald814Qdckw	The Angel Player in MTG	697000	NA
8peiEnSdKuU	Esper Sentinel Behavior	293000	NA
wxMjCk1b8I4	Electro, Assaulting Battery in MTG	363000	NA
1nO5UYfvgNQ	Sokrates Athenian Teacher	505000	NA
IoteTszng2w	The Final Mulligan	209000	NA
jOuJ1SB03bY	Trying Sideboards in Commander	803000	NA
1KWqyZEQJWU	Ellivere of the Wild Court	221000	NA
Q79QHOrR5dY	Red Death Shipwrecker	541000	NA
JkH9wp89lHQ	Vaevictis Asmadi, the Dire	330000	NA
VjSrZy-GgGk	Archelos, Lagoon Mystic	400000	NA
FmLeaW1sYjw	Jenova Ancient Calamity	438000	NA
nrufedADKKE	Chaos Draft is something….	654000	NA
qFQJnUDLWCo	The “Friendly” Mulligan	218000	NA
5mSaWW_y1FE	Tasha, the Witch Queen	274000	NA
ODZb_KD0RR0	Valgavoth, Harrower of Long Games	504000	NA
udaN3uN_6QA	Ragost, Deft Gastronaut	452000	NA
teTcMC8u1vI	Eight and a Half Tails	601000	NA
G6FSDvQdajk	Spicing Up Eldrazi	122000	NA
pkVpj4e7p2Y	The Reality Chip Self Report	217000	NA
S61J06laBNg	The Riftbound TCG	211000	NA
deHUs8vtHCQ	My Unplayable Goth Queen	380000	NA
by7-xsj8Tro	Predicting all the Infinity Stones in #mtg	221000	NA
MK_IWh6YsWo	Shadow the GOAThog	360000	NA
sKzHSvDAb-w	“Silly” Jetmir Decks	476000	NA
RI_nwFz678U	#1 DM Commander	181000	NA
CsIb40iOHE4	The Soul Stone in #mtg	538000	NA
CKJg5Bbr-LQ	The Sydney Sweeney Controversy	169000	NA
fAZ8KHwJSV4	Pako and Haldan	316000	NA
bUv92FP9dDc	A Lock In Alternative	107000	NA
Q5v4Xfm8eps	The Dinosaur Player in #mtg	467000	NA
Nb-Z5Bnl1b0	Wulfgar of Cheaty McCreatureDale	394000	NA
xi43KzeeUSg	The New Guy	505000	NA
xwrcUEjdlk4	Anowon the Ruin Thief	254000	NA
gj1UjKzjm2o	The Cycle of Commander	228000	NA
UMaduxQSkII	Baron Von Count	771000	NA
L482pgI-sd0	IT TOOK ONE DAY	293000	NA
VxA2bCOlBFw	Tifa Lockharts In	528000	NA
Xo5d27Sopfw	Grismold the Dreadsower	383000	NA
NTo62E8NRqw	The Guy Who Can’t Read in MTG	250000	NA
YZjIvL_JUPA	Kefka, Court That Guy	709000	NA
2B2br_1Ht0Q	When to Avoid Commander	220000	NA
FfxQWnmNGb8	Sephiroth Fabled Soldier in MTG	675000	NA
0C0c4Ol03Hk	The Custom Commander Player	578000	NA
rgLH3BNsLxA	Goro Goro and Satoru	342000	NA
fs1hhBo3FdU	Goofy Commander Deck Problems	174000	NA
IT0zFinEHNk	I Saw You	185000	NA
bYWCmo3L5sA	When You Give Deck Advice in Commander	233000	NA
xpy6hU7BcW0	The Standard Situation	420000	NA
kcUHKvDb-Y8	The Worldfire Paradox	233000	NA
RsEPKAIHpPU	Vincent Valentine | MTG Commanders	546000	NA
K5GIciESk2s	Sonic Secret Lair | MTG Commander	407000	NA
WkuNeEegBuU	Obuun Mul Daya Ancestor as your Commander	256000	NA
VW7Gwo1zTDk	Vehicles as your Commander | Commander Rules Update	312000	NA
aiBmlRt3tpI	Standard at Pro Tour Vegas	163000	NA
FcDxxHumqdo	Commander Deck Templates in MTG	164000	NA
QdcptL3g6uo	Lightning, Army of One	796000	NA
ZaEPG7avaIw	Better player = fragile ego	151000	NA
fDh05vT20D8	Vincent, Vengeful Atoner in MTG	399000	NA
N1q24fNRi6E	Commander Perspective Problems	238000	NA
BF9SkC3FS-Q	Being the Problem in Commander	247000	NA
PdWm5ln-rmg	Playing Final Fantasy in MTG	157000	NA
ijow_Z9zSfo	Roasting Minsc and Boo	275000	NA
K89pGncZ0mk	Roasting Prime Speaker Zegana | MTG Commander Roasting	198000	NA
6sW_G_nzVvk	Roasting Jeleva, Nephalia’s Scourge	296000	NA
AKxUZchTexQ	The Oldest Beef in Magic	330000	NA
BuSjkg04Eyc	The Buster Sword Rant	838000	NA
l2kmVNazcQo	Zenos yae Galvus gets roasted	486000	NA
KgxrWbaN42E	TCGPlayer Doubles Down	354000	NA
YvkU5onwV0A	Why’d they do Squall like this….	346000	NA
LGJqlv76Zp0	MTG Etiquette	247000	NA
HXXeaoa_Wxc	The Buster Sword in Magic the Gathering	347000	NA
vrFf5QnK8QA	Vivi Ornitier gets Roasted	710000	NA
Vw660fVGfns	Roasting Yuna, Grand Summoner	603000	NA
SDV_b8EaoNY	Building “ethical” Control in MTG	263000	NA
ey5_YnJP9OY	Roasting Rendmaw, Creaking Nest	556000	NA
p8Mps8cKOzg	Counterspells in Commander	418000	NA
An5sz_YLmb8	Commander Power Level Problems	188000	NA
MW-OXGaJnhQ	My Favorite Conspiracy	115000	NA
Sd8rWcPOblk	Roasting Teysa Orzhov Scion	423000	NA
JGEUthW1Mqs	When One Friend Plays Arena	327000	NA
EAHQWHWDKUE	When Your Friend Builds a “Funny” Deck	771000	NA
FgTT1ql1Wxo	Commander Banlist Update	225000	NA
N5PNmk01oXI	When your friends get into Commander	312000	NA
egApB2g4mFU	Roasting Morophon the Boundless	354000	NA
IMvhaZlKn80	Roasting Yasova Dragonclaw	222000	NA
N9JnI5JzLnM	Fixing Deadpool	200000	NA
rGxtmzUjhqo	Roasting Omnath, Locus of All	481000	NA
-elvOUGLe8o	Skipping Rule 0	1500000	NA
2Zg0eAoX0-g	Deadpool, Trading Card	697000	NA
N9o_Ux-rY3w	Getting Into Standard	405000	NA
j7_y8fErtg0	Just Dracogenesis Things	833000	NA
XXdVrw9wgGY	Roasting Raffine Scheming Seer	323000	NA
-67NP4dRokM	SpongeBob Secret Lair	180000	NA
fVf8tFnyPGk	Breena gets Roasted	550000	NA
CsVfdKvM5Bg	New Ugin	424000	NA
g17fzEVPrkU	The Mindskinner gets Roasted	440000	NA
ilnPybgCR1A	The Nata Beef	103000	NA
aWXZX8KxgPg	The Cactus Situation	561000	NA
F8IwCEpoUog	Bracket System in Action	222000	NA
fi7VFL0vygI	Endrek Sahr the Amazon Warehouse	200000	NA
B3h0UiP7T54	Rachel Weeks is clutch	168000	NA
Zhu9cirSe98	Moxfield is doing the Brackets Dirty	129000	NA
o4o_XOaS6tY	Laughing Jasper Flint Tests Me	410000	NA
mawGOUlL0eA	Glissa the Creeped	408000	NA
oXTw2I0AO1w	Meren of Clan Fake Nikes	336000	NA
b4hLP-TGq1Y	Indoraptor, the Perfect Hater	1000000	NA
_1xVk7wviUU	Double Down, Always	129000	NA
ASawOHl26Ig	The Secret to Threat Assessment	135000	NA
WRoOv6RZt_I	God's Favorite Monkey	107000	NA
dLeNsOecQjI	Please Play Your Deck	127000	NA
tpL_hdWEt-Q	A Fun Surprise	91000	NA
GND7p8KLFxk	Custom Banlists	68000	NA
8CXBP49L0Ag	"Sneaky" Decks	114000	NA
vekDBbE4otw	Commander Whiplash	122000	NA
taSRJwhQSTs	I rank grasses by Lickability	76000	NA
hFgVRcShas4	Budget Commander	296000	NA
pGC4OH2gKaA	Torbran, Thane of Explosions	172000	NA
mbVZgfu2CJA	Not All Mill Is The Same	177000	NA
Ttx3k_p0DMI	Just an Observation	108000	NA
1DtmsW9NP7s	Accept Your Fate	94000	NA
jVZIk2JoZmY	League Changes Explained	35000	NA
EBhq1aXd7rI	Real Friendship	72000	NA
y0c8DtygH5c	League Switched Up On Me	38000	NA
-I-TFfQYYrc	Most Hated Archetype	93000	NA
gDgiG6u3mps	Mine is Different	121000	NA
K-mAr2mkNww	Shred 'Em Gang	144000	NA
V9RL3yoUq-w	Nosferatu	33000	NA
o8sXXoHMN44	Mel got me Screeching	93000	NA
yaoEix2_k2M	Grenzo, Failure Warden	341000	NA
ty2MH2XdVn0	Jeep Chandra vs Subaru Chandra	129000	NA
ZXTGsqZYAHQ	Frankie has a question	134000	NA
Hehbc-e93SI	Planeswalkers Ranked by Car	238000	NA
qaURceYtj4Y	Succeeding at League	55000	NA
NesJV1vBPsg	Power Level 0	151000	NA
D8YZQcUX3Mg	Commander (Il)literacy	190000	NA
NyzATZhu8IY	Creature Cheating	146000	NA
EqPHFXukZn8	Moxfield Moment	104000	NA
f46KxptHwRE	Nasus Pickers	40000	NA
QmNfVctDqYw	Doran Seems Different	155000	NA
zOwdv5xgzjc	“Gimmick” Players	141000	NA
1l--hh8dEgM	Feldon of the Endless Worms	206000	NA
89zehJXUO80	The Stormlight Leaderboards	26000	NA
IHQ6kjRCX-4	Most Ominous Artifact	93000	NA
jOcMnTkLsxE	Think of the Goblins #mtg	68000	NA
pVDkJb4LrdE	Tasigur, the Golden Combo Baby	114000	NA
GiSLykvMAew	The Mono Red Players Aren’t Ok #mtg	115000	NA
PYCTCmkr7Vk	She Plargg on My Nassari	249000	NA
5pJOTLK3xwY	Duggan Digs Deep	123000	NA
B0SKcGDxdpE	Why Is It Always Rats	250000	NA
WNv17xK3lOY	Gotta Hoof ‘Em	74000	NA
vhuXafFhkVI	Low Power Decks	85000	NA
Cn9fW14-mM0	Kalitas Traitor of Ghetting It	282000	NA
1ktkHcg8I4w	Tutors in Commander	85000	NA
JdIEO08nIrI	Sharing is Caring	123000	NA
zsDVVinyYoM	Mr. Foxglove and his Pocket Eldrazi	401000	NA
VEIJu97IPaY	Magda, Gateway Dwarf	270000	NA
Zc_4Tuy3izk	Scryfall Scavengers	122000	NA
HQI09RCtOfE	How to Matter in Commander	93000	NA
tr4gGWbGmT8	The 5yo Test	179000	NA
ylKpsWQ_5Dw	Umbris Manifests Wedgieing You	176000	NA
ZSzCIbLpFUg	Rafiq of the Many Beefs	165000	NA
u_EdfA7o6T4	Jin-Gitaxias, The Fair One (maybe)	564000	NA
HfJ9Lx4fMts	Yusri Only Knows One Number	256000	NA
RoCLOznztbQ	How Brandon Sanderson Fans Act	139000	NA
4_rozr9Y6bU	An Apology	47000	NA
WLlP32-78hI	Optimus Prime aka Sir Mix a Lot	210000	NA
gAzi-MyQhDQ	Anikthea Hands me some [redacted]	266000	NA
e-rdNU2nhfM	Hylda aka WAITWAITWAITWA-	657000	NA
UQa1DmHhHNs	Lucea Kane Gives Math a Worse Name	245000	NA
vAiNL7cQXpY	Neera aka Cheat at Magic but Fairly	189000	NA
a3BkPlpIwkM	Caesar from the Shrek Universes Beyond	381000	NA
GOjxHl0-7QA	Super Friends-Less	112000	NA
UmWVRv-MkA4	Kona Rescues You From Having Friends	238000	NA
-yi5AOmWG_k	The Mycotyrant, Head Empty, Eyes Closed	376000	NA
5o_k-BT_RLA	Kruphix gets Audited	170000	NA
vg0RtJ652sc	Kamiz makes you miss Counterspells	273000	NA
pO1Otj557_A	The Greatest Value Piece is a Hammer	250000	NA
vt8t_tjhqM0	Are you cooking or cooked	118000	NA
C_5BJiZSM7Q	When Life Needs Lemons	164000	NA
eFTyrg6vlxM	Failure to Launch (Deadly Missiles)	180000	NA
5LGeXM7C1Qc	First Time Against Blue	345000	NA
rtdyp_m5zRw	When Red Players Lie	281000	NA
EfN7g7RbIFc	Kharn Betrays Good Betrayals	246000	NA
tco7jJu6mMo	Card Flickers	616000	NA
757TSWDXGN8	A Reasonable Review of Wilhelt’s Lack of Motion	246000	NA
Q1OVnMHqUKs	Queza, Augur of Upsetting Everyone Always	280000	NA
skS-9bBRBL8	Alexios the 10 Minute Man	257000	NA
yvefwdvBcK4	An Intellectual Reaction to Iron Man	148000	NA
YvPzO_cCIG0	Captain Storm aka The Worst Pirate I’ve Heard Of	128000	NA
XcW6rpUb__Y	You’re Casting Spells Wrong	158000	NA
MvAA92ZfM6c	Every Co-Op BG3 Playthrough	67000	NA
SC51ZdS29tc	A Typical Reaction to a Canadian Man	230000	NA
Fk6HKAWEEqE	More dashes = more balanced, apparently	57000	NA
fAlp7vDewsA	“Goofy” Control Decks	187000	NA
RiCJqor6W2s	The Rani aka Grixis Mom Voice	156000	NA
nae6jQZZnWc	Secret Commanders	164000	NA
QlWjByZxbfU	Artifact Players Never Change	266000	NA
d1P7eX93yNw	A Normal Reaction to a Marvel Secret Lair Commander (fixed)	238000	NA
kaXenz4rUfY	Alchemy Mechanics in Arena	52000	NA
vZSh84Nx-aE	Rune Tail aka Domain Expansion: Purgatory	265000	NA
RfE2H47KdDE	A Reasonable Examination of Bristly Bill	373000	NA
l3sp_Cvk5IQ	Average Slay the Spire Experience	172000	NA
Z3N84K9Z8ck	Jan Jansen’s Small Business of Being a Maniac	503000	NA
V5VIw4FA1eQ	Urtet, Remnant of Exactly One Strategy	762000	NA
oam19TvtTIo	Does Commander Need a Points System	122000	NA
6S5IudBK54w	The Commander RC steps down	245000	NA
TcVpj3LF6Js	Maha is a Generational Hater	684000	NA
ULifKo96xII	The Koma that Could’ve Been	845000	NA
PaWTZKZ3U2w	Squirrel Decks 101	205000	NA
dosxOdsNJog	Ward - Throw Hands	615000	NA
rd9ZeOfEjUE	Ghalta and Mavren are extremely wedgie-able	466000	NA
_a1qcU0wuyY	Social Deduction	85000	NA
JMawmnqQhcE	Mizzix holds the Nuclear Coupons	308000	NA
AT9oTBrLB3M	TFT won’t ruin your life, and that’s bad	90000	NA
vTl90VF63Ws	Shalai and Halar weaponize chilling	433000	NA
IzA1ua6W0Vo	Marx would’ve loved LoL	75000	NA
QgNgiV5P5XI	The Only Meaningful Illaoi Advice	93000	NA
ZVZKlC5YHNo	Infamous Cruelclaw wants to watch the world burn	646000	NA
685XHKDEVfQ	Stop throwing stuff	77000	NA
12tWQPuzEbc	When the “old ways” are just mass counterfeiting operations	796000	NA
xChpubXous4	Diamond LP Detected, Opinion Rejected	535000	NA
VPut5J9acgo	The Sanderson Effect	276000	NA
aUCc9RtyYYQ	The Meta is Fine, Probably	144000	NA
0K5tZG0e1PI	Even WotC is tired of this guy	529000	NA
yvnVMUmz5fM	Imoti Celebrates Cheating at Card Games	457000	NA
oXRDAK8A5bc	Tawnos is just so Silly, I Guess	637000	NA
jSsYdYW2iFY	Ghyrson Starn is definitely not compensating for anything	1300000	NA
o3BsE7xXgY8	Averna the Chaotic Real Estate Mogul	838000	NA
dTxHmzRwgto	Kevin addresses the Nadu Incident	207000	NA
qA24u62G8v0	The future of commander	735000	NA
ov07-ppPj6w	The Best Reason to Buy Foreign MTG Cards	127000	NA
jaTf5ywKbEA	Wayne is here to help	43000	NA
40AclS8Sepg	WoTC bans card before it even exists	322000	NA
IkS1x9yWvvw	Kiki Jiki and Mutually Assured Destruction	414000	NA
OwMy3Ax9IKI	Shelob Needs Different Children	810000	NA
pcbomwXn3hc	Mechamaru needs to act different	48000	NA
Y1oagCUaWGc	Modern Horizons 3 brings us one step closer to Yugioh	253000	NA
vUwt__mzj8E	Sideboarding 101 from The Greatest Magic Coach	82000	NA
dJ7--Nt22qA	The Identity of the New Elden Ring Boss	91000	NA
H2G9yUc-GRk	The difference between Hades 1 and 2 #chicagobulls	911000	NA
w1QHkkaHmu8	Hades 2 Romance Arcs are Crazy	68000	NA
AkNYIhOwxZg	How to pick a Competitive MTG Deck	572000	NA
Jm_8zWShFFI	Hades 2 claims more territory for Bisexuals, situation dire	99000	NA
Fb4zks31Ukw	When theater kids play magic	823000	NA
dw2oK-ZOEH8	Teemo turns LoL into ranked minesweeper	68000	NA
wezF4k4wnao	Nekusar, God’s Stinkiest Cheese Wheel	226000	NA
z57M9LEh1rQ	Modal spells are bad, play Riku anyway	108000	NA
IPkVMCWYRFw	Riku, God of Analysis Paralysis	537000	NA
Ulpgn9zG3U0	Odric, Master tactician and bater	159000	NA
NWExlYpiywE	Edgar Markov aka Eminence was a mistake	353000	NA
bjg_HK_g5MA	Arcum Dagsson, My Wrongest Opinion Ever	648000	NA
ZX1tDOV3lkA	Etrata is Most Necessary and Most Evil	246000	NA
mFyVPhhH8m4	The Three Types of Top Laners	108000	NA
adc8EYMuf60	Kevin Designs Outlaws of Thunder Junction	136000	NA
UZQp68uSfVI	Grist is why I bring Raid to FNM	417000	NA
02p9WbGqYpg	Lord Xander the Prenup Collector	307000	NA
C2-_Hxtzubo	Jetmir is President of the Teamsters	309000	NA
8jTtM-gG_dE	Feather the Irredeemable	289000	NA
toQIcghHPas	The Fallout Commanders and the Best One	277000	NA
j42EUZgHgUM	Toxrill, Hater Prime	405000	NA
hFUfK1dFrhc	Athreos, God of the Internal Revenue Service	1100000	NA
13J4LBKiE48	MTG is giving everyone a WHAT	166000	NA
xoevJBhmYYs	Every squad has a Jeremy	63000	NA
IZiITYtKXeA	League Coaches all hate you	68000	NA
9vND04H02B4	League Support Spite Pick Allstars	54000	NA
YKuNVr_FRbQ	Rings beat everything in Commander	133000	NA
R6sPzOsbEH0	The Grand Arbiter will turn you Libertarian	408000	NA
Mofxl2_lZw0	Voja, Sharp of Teeth, Smooth of Brain	736000	NA
ViCLDaWcm_g	Singed Players are sponsored by Four Loko	70000	NA
FkVocy9Kuwk	The Mothman finally makes Mill cool	465000	NA
NE9wGdrDwpw	Chatterfang is for Goobers Only	294000	NA
wkxnKS8440Q	Hilarious Palworld Leveling Implications	60000	NA
XoJ3eop9_KA	Ozbedat, Council of Getting Punked #smashbros	337000	NA
ohDpMYVu520	Chainer is the one true love of Goth Timmies #saltbae	374000	NA
WbZuxKbFans	Palworld fundamentally changes the human brain	122000	NA
T44SXbncUsQ	Belbe makes a Commander Moshpit #forearms	745000	NA
O7vKAKkTpHw	World’s Best MTG Coach heads to Chicago	171000	NA
wXJ44FPDhFM	Sukuna is the GOAT inner demon #kurama	160000	NA
94Y6NMXvdCs	League Players are UNWELL #fightme	410000	NA
X2osnEIoNaE	Niv Mizzet, Guildpact, VICTIM of capitalism #sensitivitytraining	463000	NA
Hmm4ch22xpw	League is just Mario Party	73000	NA
jgcmAJJohVw	Rivaz, Best Dragon Boy Ever	741000	NA
KCKGDMbSXCY	Mald REL is coming	44000	NA
cMgJ3Uk-WSo	How to tell if your Magic card is good	423000	NA
N0KpCqiW204	Lethal Company Graphics Grumbling	136000	NA
hy2fx8Tl2Ek	What on Earth is up with the Bracken	62000	NA
ZM5edQ2tN64	My resolve to not play Simic weakens every day	694000	NA
RG3bhsGdKRU	Toshiro, World’s Deadlist BOGO	482000	NA
KWJ-mIUHZdE	Nanami is PLAYING with y’all	53000	NA
2__N4Ic66Pg	Tetsuko doesn’t size shame	515000	NA
e2fupptWrxE	New Years Resolutions are out	54000	NA
vHQtnjXzpws	Todo is That Guy	59000	NA
j-ZmR7hZLHE	Gojo has the most unreasonable power in Anime	65000	NA
LMymNbkDl6Y	JJK remains absurd, it’s a BEAR?!	33000	NA
P6IFZmMVLJk	Why are children dumb? The JJK story	44000	NA
c6JRVq1JDhw	How Kevin Came Up With The One Ring in MTG	327000	NA
Mvk3PudZ29A	It really is your own people…..	82000	NA
AEfR71pB5Qg	Alesha only Smiles at Insurance Fraud	213000	NA
4lgHmihIZ38	Godzilla definitely plays the Sims 3	69000	NA
T6JA00WBO-E	The Great British…Body Doubling show?	65000	NA
qN0GM4FxuPY	Rocco, Street Chef is the worst sober guy at the function	333000	NA
c0UjO0uJJoM	Sukuna is my GOAT	49000	NA
vweQ6ysok2A	Arahbo, Catgirl Supremacist	376000	NA
f9qfEkhgQd4	Should you ban tutors in commmander?	111000	NA
CDG3MkzsCx4	The Green Player Cold War in MTG	92000	NA
Kb0OND59VAY	Magic’s New Rad System	192000	NA
V1PY7l4RkTI	Maarika aka why is Jund so cool	1100000	NA
FA3ZgVVKp1I	Raggadragga aka Birds of Paradise swings for lethal	533000	NA
11L-olm3Aa8	The Family Feud scale for MTG keywords	200000	NA
APg4dNaOxYk	Why you should try PDH	152000	NA
v5B9ev92TFQ	Why doesn’t Brandon care about us?	126000	NA
OnJ_WBFgbuE	DogHouse Tournament Series: Paupering Off	85000	NA
UqnBWLcUqt8	The Stompy Players have learned basic arithmetic, we are doomed	1800000	NA
zn3v_Ry3Y_I	Zaxara aka they knew what they drew	1000000	NA
dGYfrZliv-c	The Deep Lore with @OffbeatOutlaw	55000	NA
i1qqff8PUd4	The one problem with Karlach	86000	NA
4mk4hT1nlOg	In Defense of Gale	80000	NA
9jQ-tPM9RSQ	I fix your brain fog	69000	NA
iRpq3FQI-p8	Gale, Waterdork Prodigy	604000	NA
qUBjgPCsuT8	My mom said “she supports whatever I do”	63000	NA
ViszxHV1qro	Do Not Speak Foolishly	103000	NA
QCGN4KDyrBk	Pay Your Taxes: A Magic PSA	173000	NA
ay4vIjPLnrU	Shadowheart PLEASE	44000	NA
H0l_eoWy-T4	How much can one Rogue miss?	39000	NA
4pruJV8Is6o	They really tried to let it be me….	50000	NA
1KvNgJYZZuk	The dumbest BG3 criticism	266000	NA
dKXrbUDa03M	We must do better	91000	NA
c7EVN7hC8v0	Do NOT give Runo partner	55000	NA
MbxQQK2T62E	Eldraine looking kinda Wild	263000	NA
wDj-HF_sxjc	I swear he could get lost in a bucket	52000	NA
YOWgMBxs33A	Melek, Online Shopping Paragon	399000	NA
40IbWtT2-bU	I would trade any number of lives for one uncommon magical item	35000	NA
rIYq6dUHClE	The Mindflayers got my camera	35000	NA
BPE0Vp3yLCE	Why must I keep being tested	114000	NA
a_260wM-Ieo	Should I enter the shadow realm?	77000	NA
E6NHU9F_Y0k	We Must Stay Focused Brothers	124000	NA
WFBGhefUNR8	These filters got hands….	58000	NA
kIn2DtuREMQ	Which Group Hug is best?	1000000	NA
C73IdoFQ6wc	Tom Bombadil AKA The Reading Painbow	582000	NA
wIZuEjOgkyM	My Eragon Beef	71000	NA
o-oo3KeQpfE	Playing Magic for Free	141000	NA
cPmigCC7New	A Vorinclex PSA	450000	NA
IPdxFlNpzyg	I’m pretty sure these dudes would sell nuclear codes for an extra pack	103000	NA
QbmYpCtGXTU	The Essential LoL Experience	55000	NA
i7PMdUcsuck	How they design Hades Weapons	88000	NA
g55RuCWfDjM	What Mald Plays	148000	NA
Pk9q1aTSC58	The Gym Nerd Fit	48000	NA
x3npZrREB5Y	When Boros Gets Pushed Too Far (Winota) this has to have sound	1100000	NA
9iT9Zb7BePc	These Tiamat players need to learn manners	342000	NA
e6QaotFclYA	1 to Glizzy: the Izzet Oppression Scale	178000	NA
Z8rtIh4rejg	Wayne’s Discount Bonkcamp	58000	NA
E4QesOSuvFc	CEDH =/= commander but strong	419000	NA
BMBd_jciBbg	Myrel, Shield of WHAT?!	584000	NA
dhWMam0UE2U	Sheoldred, the Bucket	359000	NA
uYzILE0ceUU	Elenda the Skill Issue	503000	NA
1zV74bCm3ss	You merely adopted the YuGiOh, I was born in it	126000	NA
BbdzarXOkD0	Hallucination Check	105000	NA
Xm2j5BBfqBA	Vazi is here to help, ish	485000	NA
SpeLA8aI0AE	Furious mana: a danger to your Family	587000	NA
gJmt9-r5Q0Q	Kumena’s Crimes	451000	NA
S8fFgNmJZ9w	Midrange makes me midrage	464000	NA
wI_GzYBSiJw	Kevin designs MTG: ONE	174000	NA
PD8vCBIQJa0	LotR: Hot Set Alert	84000	NA
4AdcY6sfQrs	Beating the Allegations	129000	NA
HE7PmGGG5NI	Meet the Wall of America	1000000	NA
aXSk0Cyrihw	No Slime Waifus Allowed	95000	NA
Ci3Huf5a5tw	Ezuri, renegade tax evader #mtg #magicthegathering #mtgcommunity #cardgame	624000	NA
tpdSfl4msV0	MTG Tokens Frick Marry Kill #mtg #magicthegathering #mtgcommunity #cardgame	100000	NA
q6I8e_vw-I4	It’s not slander if it’s true #stormlightarchive	59000	NA
bdfFowLGS2s	Turning MTG into Mario Kart #mtg #magicthegathering #mtgcommunity	70000	NA
TkkjQNhgBFc	Selvala, Roasted of the Wilds #mtg #magicthegathering #mtgcommunity #cardgame #mtgcommander	360000	NA
8wDcPDIEr_s	MTGArena as a teaching tool #mtg #magicthegathering #mtgcommunity	122000	NA
GDaxgraTqls	Ashcoat of the Shadow Swarm and his Stupid Timbs #mtg #magicthegathering #mtgcommunity	543000	NA
EVwXatlTcyI	Korvold, Fae Roasted King #mtg #magicthegathering #mtgcommunity #cardgame	693000	NA
wGw9OAhOxvM	Ivy, Gleeful JoyThief #mtg #magicthegathering #mtgcommunity #cardgame #mtgcommander	503000	NA
37v9eEYBGjE	Merieke Ri Berit roast #mtg #magicthegathering #mtgcommunity #cardgame	416000	NA
AE-rw4GPNWk	Kinnan about to bond his face with my fist #mtg #magicthegathering #mtgcommunity	413000	NA
APhD9hqquqY	Elesh Norn compleats me #mtg #magicthegathering #mtgcommunity	526000	NA
ubjX25Vt4Ps	Tinybones better take his tiny hands off my totally normal cards #magicthegathering #mtg	426000	NA
vvLi48262aY	Just let me use the stack bro please #mtg #magicthegathering #mtgcommunity	712000	NA
65sT8HUH-Jo	Ashling the Pilgrim, roasted or the roaster? #mtg #magicthegathering #mtgcommunity	925000	NA
RQtRYwciT2o	Ratadrabik of L-borg #mtg #magicthegathering #mtgcommunity #commander	566000	NA
kbjwpYcDZ5A	Syr Gwyn be neighing #mtg #cardgame #magicthegathering	921000	NA
wFMwNb8NkQ8	Captain Yeetus Maximus please god don’t give him infect #mtg #gaming	549000	NA
RSou_F0jon8	Call me the Phyrexian obliterhater #mtg #magicthegathering	925000	NA
OKPkNvcxUN8	Tonight Animar is judged, and found cracked #magicthegathering #mtg #mtgcommunity	923000	NA
vXvNfvtzgw0	Todays dose of Commander Roasting: Kykar #magicthegathering #mtg #mtgarena #mtgcommunity	449000	NA
7v4mv_rRkUg	Shanna as commander is going to make me turn to the dark side #magicthegathering #mtg #mtgcommander	503000	NA
h02czTTyCZc	Wayne’s Discount Bonkporium has an important message for everyone #eldenring #elden_ring	27000	NA
AWRRFZUPxUA	Why can’t infinite combos just be silly and or goofy #magicthegathering #mtg #mtgcommunity	122000	NA
N_6-LDJ7M7I	How good is the Tyranid 40k precon? #magicthegathering #mtg #mtgarena #mtgcommunity	209000	NA
y3Zk6pH5dk0	Warrior mindset is a necessity for slivers, I am coming for you  #magicthegathering #mtg #mtgarena	383000	NA
9b2yqJTcGUg	If Tiamat is in the command zone, no you do not get mana #magicthegathering #mtg #mtgarena	122000	NA
wvhxfohwOyk	Sanderson stands alone currently #booktube #stormlightarchive #brandonsanderson	25000	NA
0crDOx82IKg	Hexproof = miss me with that Protection = racism #magicthegathering #mtg #mtgarena #mtgcommunity	105000	NA
FqaaUVQC38Y	Kevin can’t stop making hits #magicthegathering #mtg #mtgarena #mtgcommunity	190000	NA
I7YV2vLQE9s	Untitled video	27000	NA
z71Sr3k--o0	As a blue player, haughty djinn was a mistake #mtgarena #mtg #magicthegathering	151000	NA
fFm8qfoYydM	I will finish it in a week and my rage will deepen #booktube #stormlightarchive #brandonsanderson	21000	NA
hECLflkZ6LI	This is the only explanation for Defenders in MTG	371000	NA
55UNh2aEXbY	Dwayne gets inspired	14000	NA
1SotKKcg26k	Wayne debuts the Taco Bonkers!	17000	NA
2Q4TU4bbc5o	Wayne’s Family Reunion	8600	NA
FTQWhZR7U8w	So that’s why peepaw got that divorce….	12000	NA
