OZ8Qx1HhaaQ	SPHINX MAXXING	3000	6601
6tDpyYpTwhk	COMMANDER DECK ROASTING	10000	12753
YRc0lwtdSnQ	Channel update then FOUNDATION PRECON REVIEW	16000	7693
R8AA-7Xmzss	Commander Deck Roasting	34000	13090
b8h3r-AyoIk	HOT COMMANDER GOSPEL SESSION	14000	15608
a7DXG54UYX8	REALITY FRACTURE SET REVIEW MELKY STYLE	44000	13429
Bphj1vp3kIA	CUSTOM CARD DAY	16000	15242
SjUxZJOUuhs	EDH CHOCKLIT PEANAMIS	19000	11270
H5RApQX5t9Q	REALITY FRACTURE SPOILERS OH MY	24000	7620
0WqXXXD0xww	LOW CORTISOL GAMING; REALITY FRACTURE YAPPING	10000	11375
taMNUSMoGgY	LOW CORTISOL GAMING; REALITY FRACTURE YAPPING	17000	8918
T3xtUMWAQOo	LOW CORTISOL GAMING; REALITY FRACTURE YAPPING	6600	524
A4VQ-J6EqAs	Blood of Dawnwalker Day 3	9500	12228
qLjLexjiCCE	VAMP DADDY WORSHIP TIME	8300	11308
DSvcnywp5b4	Witcher 3 But It's Vampires	18000	14059
UPV12hkmHEU	COMMANDER DECK ROASTING	13000	12646
ZBAWarS4X3o	GETTING MELKY	18000	13718
1YbmE9Ce_Bo	NO VAMP ALL CHAMP	10000	12861
HKMBoYbtRUw	Building a Gideon The Ninth Deck	21000	5639
lI9niD_HRM4	CRASHOUT DAY	11000	12054
EjHRYEtqDHs	CUSTOM CRASHOUT DAY	14000	10234
z-RdV1NrXNs	I STOLE JOEY SCHULTZ'S HAIRLINE	7900	11415
VDfSOmYoSlA	CRASHING OUT ON YOUR COMMANDER DECKS	5600	9965
oYiEk4_ZJaQ	BIRTHDAY STREAM COLOR LOCKED PALWORLD RUN	1800	11137
6rgU1GLgb-Y	DROPPING QUICHE PEANAMIS ON YOUR COMMANDER DECK	3100	14638
xWqsncGAYmg	AGGRESSIVE BOTTOM TRAINING ARC	2000	11136
_5TljRSsg90	LEAKS STREAM (I leak how bad your commander deck is)	16000	14675
KaYBdtVJjeU	LEAKS STREAM (I leak how bad your commander deck is)	1500	672
JIBXBXL2RyQ	BRING ME CHUBBYPENCIL	4900	6329
fy69oE49jR8	Quest for the next Wizards Designer (they are not here)	7900	14440
9PEhcc6lq8Y	Quest for the next Wizards Designer (they are not here)	478	71
fCQR3FTv84I	Quest for the next Wizards Designer (they are not here)	518	33
Giyk1FLFDfg	DROPPING QUICHE PEANAMIS ON YOUR COMMANDER DECK	16000	11322
18qRfStM3Ng	DROPPING QUICHE PEANAMIS ON YOUR COMMANDER DECK	17000	13641
olP0DG1P7UY	MTG ART BOUNTY CHALLENGE w/ Pro Artists and also idiots	4500	9004
I5XAhEC9OMM	HOT BEARDED CUSTOM ACTION	26000	11703
SonInYsKKCM	LEAKS STREAM (I leak how bad your commander deck is)	19000	16720
rWqif5oK_QI	LEAKS STREAM (I leak how bad your commander deck is)	13000	14235
KgtZULQYrcY	nuzklocking my girlfriend	6400	11187
sx0Zyai-eGk	nuzklocking my girlfriend	1400	155
J-9s1UQlVD8	CUSTOM CARD REVIEW + HOBBIT SET REVIEW AT 3:52	31000	19324
2oCbnK2pVew	Hobbit Spoilers + CRUSHINGLY HANDSOME DECK REVIEWS	13000	10765
-c5pszKwiNQ	ANIME PROTAG CEDH TIERLIST WOW	5000	12004
5n6tG89K9sg	HOBBIT SPOILER REVIEW + Deck REviews	16000	13544
w75vDcQ1ffs	LEAKS STREAM (i leak how bad your commander deck is)	3900	11851
tM6AdNarPyk	DROPPING THE QUICHE PEANEMIS ON YOUR COMMANDER DECK	2700	7518
4lezAa4aNz0	MTG Yapping + Content BTS Work	1400	7383
48JHhImf2IY	MY GF HASN'T PLAYED WITCHER 3	1600	13856
PdVunV_XoPk	STS 2 MELK STREAM	1600	6143
Tjz-Dr2PN88	DROPPING THE QUICHE PEANEMIS ON YOUR COMMANDER DECK	2800	8373
_dBrkyPTzpA	IM MAKING IT HAPPEN | Spiderman Deck Touch Ups	2800	7166
BXipkIEyDhE	Clip review + Marvel drafting OR Crab game	1400	6594
cyvRFHELEPI	Motivational therapy hour + goofy deckbuilding	2500	8179
pXGGIkR1u4M	IMAGINEERING DAY | New Content Ideas + Thumbnails	1300	7828
m_xeKBMhmgY	This Game Is Evil	2700	12308
UjrZmqcJPN4	MARVEL PRECONS REVIEW	17000	5894
COMvWKtmf4I	PUTTING THAT WORK IN	2400	7788
mZMZ0JoKFuo	Trying A Scary Game Stream Ends If I Cry	1400	7320
kb8LEXsnz3o	IMAGINEERING DAY | Devising Thumbnails and chatting	1200	6586
EiId7Zdz7Jg	IMAGINEERING DAY |Writing new roasts and chatting	2000	6821
4TxQukRUE2E	NEW CO-OP ROGUELIKE DROPPED | optimistism-MAXXing	1700	5056
siuD1Gc0Pi4	I HAVE THE WORST PT EVER?! STORYTIME INTO CHASING OUR DREAMS	2300	5146
Jpgen-3gpvw	MARVEL MTG SPOILER REVEALS	23000	7179
XOXFJLbmCq0	REAL CULT ACTIVITIES NO BEVERAGES ALLOWED	1100	6293
6K_fP7IlIvo	ONE PIECE SLANDER + CHANNEL UPDATES LATER	2200	7929
Gef0cHkEIIE	RIPPING THE QUICHE PEANIMIS ON YOUR COMMANDER DECK	6400	13002
C3Y4d3_je_E	Mario Party But It's Evil with Friends	3900	17979
u5F_jc8PzUA	Health Updates then mega impossible WoW Challenge Run	2400	21529
vIBnpKQhqzE	SUPERFRIENDS DECK COMPETITION DAY 2	3800	13574
rjYWXSFLn4Y	SUPERFRIENDS DECK COMPETITION	6100	22210
tDJaKggIBGg	CHECKING THE QUICHE PEANEMIS ON DEADLOCK	1900	5149
F5VG2sSlxvk	STRIXHAVEN PRECON PEANEMIS	27000	12677
y2f8nWKAukM	Your Deck is NOT Rising in Three Days	5800	14893
trZqEnJLSP0	Hardest WoW Challenge Ever is Back	1500	13783
6U-uc8oxN4Y	SLAY THE SPIRE ii BLIND RP RUN	3100	9125
lr8Zu-Ex8Wk	CUSTOM CARD REVIEW DAY	12000	11846
SapP7y9vj_s	ROASTING DECKS AMBASSADOR-LY	4600	12733
S9HzBXAf3bE	Providing The Quiche Peanemis For Your Commander Decks + Free Raffle today	2500	12285
ZSshnU2FH0E	LEAKS STREAM (i leak how bad your commander deck is)	4300	12869
LZnXxu1ElEc	LEAKS STREAM (i leak how bad your commander deck is)	6000	15190
OPHgM5XjzRU	BREWING THE NEW HOTNESS then TURTLES DRAFTING?	1600	11202
7SS9INcEdTY	PEACE AND JUSTICE FOR ALL a little bit of crashing out as a treat	1000	10672
UnvxhBilXd0	CUSTOM CARD REVIEWS WITH @beardprincess	3700	8343
Frc38w_tB5k	A Knights Tale	1100	6203
Dbg1LlugcgA	FREE ROAST RAFFLE 2DAY + DECK REVIEWS	4100	14028
hmBwbRlzMiw	SHIBUYA INCIDENT ARC INCOMING | KCDII	1000	8868
BdSS6logRBU	CONTEST BREAKDOWN AND FIXES	2100	7453
Wf-HFBQisuI	BIG DECK COMPETITION COME GET $750	8000	33107
qQ_GsXIYYi4	Day 3 of Knighthood	1000	10873
7UP_ljf-6-w	KCDII Day 2	918	11579
dS42vL5xIO4	Fourth Circuit Ruling	2300	6445
bhLXCw7hkiA	KCD II first Playthrough	1700	18713
OxCrYnbbg0Q	HOT COMMANDER DECK ROAST SESSION	3500	12976
uy0FRkIK0U4	REAL CUSTOM CARD BUSINESS	15000	11985
ECZeGYDSZzM	LEAKS STREAM (I leak how bad your commander deck is)	3100	16454
xYSsLKcmbUM	3-MAN DUNGEON CHALLENGE IS BACK (almost)	1500	17590
Rmt_-uWKl3E	LEAKS STREAM (I leak how bad your landbase is)	2700	13152
eTTp_0-h1wY	Content BTS, gaming	1600	10201
ctgQxAdMEyE	Competition Announcements then MEWGENICS BABY	1700	15791
DNC8IZgLAFo	$250 COOLEST DECK COMPETITION	7700	25241
yUyiw3i6xok	GOTH GF ENRICHMENT TIME(LEAGUE OF LEGENDS RANKED)	1600	5812
VbMDLnmLP5k	TMNT PRECON REVIEW	7100	10080
_JRVZ5q_hhU	ROASTING Viewer Decks	2900	14814
6h7Hg2dJ22c	Motivational ASMR + V Rising playthrough	1300	11903
WHJhezhPQE8	Roasting Viewer Commander Decks	3400	13740
_Hxqu1OnqwE	LEAKS STREAM (I leak how bad your custom cards are)	8200	12378
YEpNj9WoCbM	GOTH GF ENRICHMENT TIME (league of legends)	2000	14870
dSma4VDHBEE	LEAKS STREAM (i leak how bad your commander deck is)	3000	11693
KKzR6GMoo_E	GOTH GF ENRICHMENT TIME (league of legends)	3200	15928
aJ7QPZ_ZeV0	FORMAT UPDATE CATASTROPHE + CUSTOM CARDS	12000	12288
7zv74oOjJac	LEAKS STREAM (I leak how bad your commander deck is)	3000	12862
s3V7Awld7x0	Ranked League Climb Continues PLAT TODAY?!	1700	20610
b4wT8KtvXq0	6'4" Vex Main Climbs While being sabotaged by chat	1100	5327
2YAB2dpY8EY	Roasting Decks While 6'4" (height = commander skill)	2600	11412
62pJCDkrzHs	LOCAL HATER RAGEBAITS STANDARD	1900	15685
IL5goQHZB00	6'4" VEX MAIN ESTABLISHES DOMINANCE, IS SABOTAGED BY CHAT	2100	26311
0Z6pWchvx8I	HOT COMMANDER GOSPEL SESH	3400	15078
pEKMT8GJdXY	VEGGIE FIXES YOUR CUSTOM CARDS WHILE i RIDICULE YOU	3800	15071
lBAYV8G-_mQ	PARRY OR PERISH Expedition 33 Post Game DLC	1300	21078
-wUOgZpFjDY	Thumbnail Design then E33 Post Game	652	3374
tk0jSFQJ3Qs	LAWSUIT YAPPENING THEN LEAGUE	2100	19509
GLhztGoJmaM	SPOILER DAY TURTLES AND MAYBE STRIXHAVEN	5900	8638
gmgaoAVa7x8	GOTH GF ENRICHMENT TIME (league of legends)	1800	17197
DqXcQqXc320	ADDRESSING THE CONTROVERSY (of the terrible cards in your commander deck)	3800	13847
-H62wbcKfuQ	LATE NIGHT COMMANDER W/ @dannyphantomexe @ZMainCharacter	1900	9494
IWVHmKcQNKo	CUSTOM CARD REVIEWS w/ ELK	4400	12251
RH-rKBaiFNM	Addressing the Rumors (that Yone is viable)	2500	19597
bpSrQ13vZao	UNBEATABLE, INDEFATIGABLE, HANDSOME LORWIN DRAFTING	2800	12854
M00N41HUGJ4	Chill Administrative Productivity Vibes	2400	24132
QRqpHeE7Zb8	LORWYN PRERELEASE GUIDE AND SET REVIEW	5400	15251
reXpB8yN3ME	HOT COMMANDER GOSPEL SESH | TAKING THE POWER BACK	2900	9816
-WMGZQqgdHk	BURNT THE SQUEEGEE OFF THIS ONE SEND HIM HOME SAD	3200	16025
O1mUhYcr4YQ	FLOW LIKE MOZZARELLA custom mtg cards TOASTING BREAD LIKE A TRANS AM	3300	14781
hXuUEH3RbfM	Chilling and Roasting a deck 	3100	4162
7Sh_xOTRt6Y	Lorwyn Precon Review	11000	7306
QtmSRL5aWls	PARRY OR PERISH E33 EXPERT BLIND RUN | THE FINAL DAY	1800	18047
8eZQ06Z6azs	LEAKS STREAM (I leak how bad your commander deck is)	3400	14371
T9aFjUKytgo	E33 BLIND EXPERT RUN | AT THE MONOLITH	2300	30460
DZ8U4h32XEM	E33 ADDICTION CONTINUES | BLIND RUN	2600	40184
nPF865fBusg	MTG Custom card reviews then clair obscur playthrough	4200	37689
W-n43oltLOU	E33 UNTIL THE NEW YEAR	3600	42900
GkxC-Lrg4R0	Destroying WotC with chat	1500	9025
Ia2NiQ39tbk	LEAKS STREAM (I leak how bad your commander deck is)	3500	15582
g2_ldgxDB2Y	CHRISTMAS CUSTOM MAGIC CARD REVIEWS	3300	16584
0VmwbkC1WxY	Chill ESTABLISHMENT OF DOMINANCE AND AURA IN MTGA DRAFT	1800	12294
iXiPstSIcMc	I AM THE CHAMP	1400	14288
0EidVexF3H0	Channel Updates Hugely Motivational and Pleasing to the Spirit ASMR	1600	11146
RlsibseJm4c	MTG Custom Card Reviews	4600	13138
PbpcyC-PD7Q	HIGH VIBRATIONAL FF DRAFTING	1600	17637
toiKnOEuPZQ	Roasting Commander Decks	3300	15208
eUkFtsBByhI	Roasting Commander Decks	3500	14149
G0ZO3yfpeck	Slandering Your Commander Decks	2900	14373
S74o73SVQ_4	Reviewing your custom mtg cards	4400	16145
YTIu5TNI_V0	LEAKS STREAM (I leak your landbase)	2600	17572
jiXg7g_Q-Po	DECK ROASTS MARVEL SPOILERS OH MY	2500	12694
lhKutEhIcqY	UNBREAKABLE POSITIVITY TOPS AVATAR DRAFTING	1800	11688
7atWsQlaFrI	HOT COMMANDER GOSPEL SESH	2300	13785
6uNvPQObvW8	HILARIOUS Commander Deck Reviews	2200	11119
qZ2AN71WGsY	HILARIOUS Commander Deck Reviews	718	26
-CwdIuNwh_k	CUSTOM MAGIC CARD REVIEW WITH THE HOUND	4000	16337
ty2i7Y3nZbU	CAFFEINE WITHDRAWALS AND DRAFTING THEN WHERE WINDS MEET	1300	9850
VB-h_YvnuXQ	NEWS DAY	2400	9132
1jIQtFPfJ8E	Slandering Viewer Commander Decks	1600	2660
83ymWAtginA	Slandering Viewer Commander Decks	2500	9770
j8BduQ_ygG0	QUIRKED UP WHITE BOY BUSTS YOUR DECK completely normally	2300	12989
_lJzY_m4NCE	UNDEFEATED ATLA DRAFTER DOMINATES COMPETITION	2700	19085
XrD000_Dgt8	i CAVED AND BOUGHT WOTC	2800	12213
Uje6vJJ_KE8	Commander Deck Reviews by behated white boy	3000	7925
O-R2mB2670o	HOT COMMANDER GOSPEL SESSION	2500	12721
2pZ1YV56HNY	I CAVED AND BOUGHT WOTC (XCOM2 blind playthrough)	1200	7586
nUmHQM20ryM	LEAKS STREAM (I leak how bad your landbase is)	2600	14860
ApxJAkyjamI	CHAT FIGHTS ALIENS (XCOM2 first playthrough)	1200	16204
Y6XYYiDR53Y	HOT COMMANDER GOSPEL SESH ft. Your terrible decks	2900	16806
rljhcsR7Tzs	Finally Coming Clean (about how bad your cards are)	3200	11861
G0-u8IRqBX4	CUSTOM CARD TAKEDOWNS WITH VEGGIEWAGON	5700	15886
GgUpQnzIRuA	Leaks Stream (I leak how bad your landbase is)	3400	12331
NnNGq6Xvvok	I'm Making a Cult	1900	8940
9s3RvEdeDkI	FREE ROAST RAFFLE DAY	2700	12830
HoP4Ukr_NdU	FREE ROAST RAFFLE DAY	1100	2615
Uopumw1bAm4	(Widow's) Peak Content GOTH GF CUSTOM CARD REVIEW	4200	10390
fTgH4_7U9mc	My Response to the Allegations..                  (that your deck is terrible)	4900	16964
7xvoko4lfng	The Hybrid Mana Situation	7800	9663
6GHFScrtZpo	No More Lies (about your landbase)	4000	17251
FxzYUgGw9iE	CUSTOM CARD REVIEW WITH ELK	7100	10836
hgZzqx6NS74	Leaks Stream (I leak how bad your landbase is)	4100	16292
lecnxb43TBU	Saving the world one Commander Review at a Time	4600	13499
TTBz473MFWE	COMMUTING YOUR LANDBASES SENTENCE | NO KINGS ONLY COMMANDER DECK REVIEWS	2900	11995
8Er9ivCQjZE	CUSTOM CARD REVIEW WITH VEGGIEWAGON	5900	14343
r3mSicyKsPw	Slandering Your Commander Deckbuilding Choices	3400	14961
OilEUvmTA8o	TURTLES LORWYN ALTA SPOILER REVIEW	4200	11667
s5zF9LStwIo	MEGABONK	1500	8978
BZgGQZmgfqs	Sword of the Sea and Doug Huggem	789	8733
zKcEups7aTU	Roasting Your Commander Decks	3600	14192
IbeyeC_aYBI	@33elk  and I review your Custom Cards	6300	11269
qjjz95MKzwU	Commander Deck Reviews	5100	13454
XcRxrEhwYRk	2026 MTG Schedule Review | Are we cooked	4300	9871
6sk2a-4J9I8	CUSTOM CARD REVIEW W/ @ZMainCharacter	4600	11650
jtnj6LmsNWU	Deck Reviews One Hour In, then FFX playthrough	2400	21131
Qmnh0sv0anA	WARFRAME TIME	1200	15606
xEudBr9BFGQ	Overwhelming Puzzle Games with Handsomeness | A Little to the Left, Invisible Inc, Celeste	1000	14952
LiK3jn3vnIQ	FF X and Undertale blind playthroughs	1700	16010
k9LeJDEoR38	Variety Games Day | Subnautica might make me crash	769	12371
NupKBcDpHXs	GOTH GF CUSTOM CARD REVIEW	4800	13759
wefU8KB9DPg	HOT COMMANDER GOSPEL SESH ft. YOUR DECKS	1800	8620
ZU85WDRDLT4	YOUR DECK MY MOUTH | Commander Deck Reviews	2200	13596
PWtGUryjKYg	Deck Review into Mythic clinmb on MTGA | Subathon day 21	1900	27872
oEft3wAwudI	Deck Review into Mythic clinmb on MTGA | Subathon day 21	2400	42899
TiyVF9y5WSU	MYTHIC MTGA RUN | HAMMERBOX IN PLAT 1	2300	42900
w5mwd_ztxP4	MTG Yapping - Subathon Day 18	1300	34349
R0NHC9XIWow	variety time - Subathon Day 17	2400	42900
i46OnpoV1Wk	MTG Spider-yap - Subathon Day 16	1700	42471
jfWgcnCioLs	Subathon DAY FIFTEEN	1400	42485
M5kQkozxIh4	Variety games and good vibes - Subathon Day 14	1900	42900
i-1aBaDtKCc	variety hour	908	21082
VH9iMWwkR54	SUBATHON TIME	1000	18499
eDHRwOYyC1E	SUBATHON TIME	2200	36877
CdsSOQ-MU2s	TARKOV TIME	1100	35905
qMIQszSAnjA	SUBATHON DAY 10	1200	31064
vt9agLy69R0	SUBATHON DAY 9	2700	36118
BBKV_7Rqb-g	SUBATHON DAY 8 - CUSTOM CARD REVIEW	2800	36599
WdsnXh24dXs	SUBATHON DAY 7	1800	32762
9eHrKtgu4DE	variety time	1500	22563
7rexnvbuWds	Commander Deck Reviews - SUBATHON DAY 6	1300	21174
nxz4qPjigIE	SUBATHON DAY 6	2200	37181
_B_PORTMQas	Filming Commander Roast videos - Subathon Day 4	2700	42707
xnleCSHvMEY	COMMANDER DECK REVIEWS - SUBATHON DAY 3	1700	24985
Fqax6CA3vJE	SUBATHON DAY 3 - COMMANDER ROASTS, DECK REVIEWS, MONSTER HUNTER	1400	13441
VqZzdJy4ems	REAL PUZZLE BUSINESS - SUBATHON DAY 2	2400	40470
pEAPaNr62wA	BDAY SUBATHON BEGINS - CUSTOM CARD REVIEW DAY	3100	31085
_A6pzQon1VA	HOT COMMANDER GOSPEL SESH	2500	12240
t7P-yiC064Y	HOT COMMANDER GOSPEL SESH	2400	16072
f3R5unQ2Muc	HOT COMMANDER GOSPEL SESH	2600	14402
FBARH7OdE7I	LEAKS STREAM (I leak how bad your commander deck is)	2400	10621
i8jlwlaXL6o	BLIND RUN DAY 3 IM THE GOAT?!!?! WITNESS GREATNESS	918	14531
cmwOHAPHkVo	CUSTOM CARD REVIEW WITH @33elk JUMP IN!!	6200	14940
KCyuliaXzs4	WE BACK!! HOT COMMANDER GOSPEL SESSION	3200	11716
LL-UN5DhUmk	XCOM2 blind playthrough NO BACKSEATING I UNDERSTAND IT	1500	18864
O-64G_kh93g	BLIND XCOM2 RUN NO BACKSEATING	10000	18780
N-wQ5ZMvk5k	BLIND PLAYTHROUGH RIDDLE BACKSEATING	14000	16523
xiJAeTd3yq8	XCOM blind playthrough	2200	16593
h3Xp4hX5jY8	CUSTOM CARD REVIEW DAY	6400	7440
_mykheLj5Bs	YOUR DECK MY MOUTH = JOY, ANGUISH	20000	11818
yVdYtZQJaoM	YOUR DECK MY MOUTH = JOY, ANGUISH	3700	11906
BH8CUfDpaig	SPIDERMAN SPOILER REVIEW	4500	6191
R15nfL-Su8Q	Draft Champion Conquers Edge of Eternity	2500	14114
ZLHpB3nkMLs	Brawl Scheming, Roast later	2700	15852
e4ME9p8I7rQ	TESTING WILD STUFF	2800	4508
ug9wt5tNGJ0	AUDIO GUINEA PIGS NEEDED PULL UP	6100	3655
-e0VOEs_dkY	Commander Deck Reviews	5400	12375
YrbFsFRJkJA	Commander Deck Reviews	4400	15015
kuziYjZfniM	EDGE OF ETERNITIES SET REVIEW	13000	12002
FsjIYV5hHmM	HOT COMMANDER GOSPEL SESH	4100	13131
DseB26loyEY	The Worst Format Ever Concocted	4700	6916
yrprIOFupg8	HOT COMMANDER GOSPEL SESH	4300	10775
EdWPnjpnokA	HOT COMMANDER GOSPEL SESH	3500	14375
rNnZpv_Dzxw	ARCHETYPE BRACKET CONVERSION TIERLIST w/ Defcat	13000	9306
kRrWjDbELqg	UNHINGED CUSTOM CARDS WITH @33_elk | 90% fewer clerics	9600	14164
asKi7QgQcXo	I UNDERSTAND IT NOW	5200	18751
WACRx2Y9EgA	BIG EDGE REVIEW | Official EoE spoilers only	9700	8641
TgYrjTZBBtE	My best draft performance yet	4100	18691
B9ofcNKeWYI	HOT COMMANDER GOSPEL SESH	5100	12715
tM9F0X14C3g	unhinged custom card review (80% fewer clerics)	11000	11808
d7ZZxOyu67c	CERTIFIED DRAFT DOCTOR OPERATES ON FF (I have no certifications)	3100	12674
k4vNhm2dvIc	gremlin GF sleeves up BF | 1/2 Blind playthrough	2200	7956
tjr5lY1KGYs	CERTIFIED DRAFT DOCTOR (I have no certifications)	4200	14574
Iipu6DWr-3A	HOT COMMANDER GOSPEL SESH	5200	14583
LlxVmrVQKOI	Couple's God of War Playthrough	2300	8130
EEdjIEwg8lY	Blind Darkest Dungeon Run Day 23	1000	7508
izb_NUwiMno	CUSTOM CARD REVIEW DAY WITH @33elk	16000	10536
iYn1cHGH_KY	ACCOUNTABILITY STREAM (I count how few lands you have)	4200	15443
2cj1PBH3v7I	ACCOUNTABILITY STREAM (I count how few lands you have)	4600	17552
IYs3mAWYm7E	darkest and also most dungenoning buckaroo ever	1100	7806
Jf_jEm6kdkM	LEAKS STREAM (I leak how bad your commander deck is)	3900	10392
SXg5EfMEHPw	LEAKS STREAM (I leak how bad your commander deck is)	5400	13482
KntNb-uuXZg	LEAKS STREAM (I leak how bad your commander deck is)	5200	18402
O_FHbk31prE	LEAKS STREAM (I leak how bad your commander deck is)	4200	15008
gH6R7cHEapI	DRAFTING UNTIL IM BROKE	4400	18767
AFVHBZmflKI	ARENA DRAFT KING RETURNS	4500	21772
b3MS6KUoqAI	HOT COMMANDER GOSPEL SESH	5600	15268
N8ImY-XWHC4	Totally reasonable deck reviews I DO NOT YELL OR SHOUT (UNLESS YOU DESERVE IT)	5000	11950
V4OPVBp_Q1U	Totally reasonable deck reviews I DO NOT YELL OR SHOUT (UNLESS YOU DESERVE IT)	4000	13558
R0o6275u1DA	The Unundefeated Draft King Returns	3600	9309
QOJkQTsoqc8	YOUR DECK MY MOUTH LIVE UNCUT	4800	12145
8_DHEIqsSro	CEDH Pro Ranks Commanders	23000	7445
AztNM5n7xi8	There is no wipe in Ba Sing Se (Darkest Dungeon Blind run)	1800	9466
zgO-sar-HvA	There is no wipe in Ba Sing Se (Darkest Dungeon Blind run)	2200	13881
SOG0MnenqC8	ANNOUNCEMENT STREAM (I announce how bad your decks are)	4200	13406
r7bJZ-UM4nM	GLORIOUS REDEMPTION or quitting entirely	2000	7020
lz1eUtRlpNg	FF REVIEW ELKSTRAVAGANZA @33_elk	22000	11377
Bkb4YYU9Uf8	LEAKS STREAM (I leak how bad your deck is)	4100	18520
jYQ7MKGSrOk	YOUR DECK MY MOUTH = JOY, EXULTATION	3000	12197
4Dy3C__qn-k	The Epic Highs and Lows of High School Dungeoneering	1500	10566
uu8peKyhqVY	ANNOUNCEMENT STREAM (I announce how bad your decks are)	4300	16415
AJagYEyM15E	Immaculate vibes, endless casualties	3000	13631
D7Y50i-bEwM	ANNOUNCEMENT STREAM (I announce how bad you are at building decks)	3200	13607
Zi1zNez0gC4	ANNOUNCEMENT STREAM (I announce how bad you are at building decks)	3900	14049
eUNe4HvHssI	SAVIOR OF GIMMICKS, ROASTER OF DECKS, DEFENDER OF ITALIAN VIRGINITY	4700	13669
NdV_ymYh5po	Big Dungeon Vibes	2900	9705
fjOVE0ZNJx8	Positive vibes only (except from me)	1100	1574
GoZcdUP5bfA	ANNOUNCEMENT STREAM (I announce how bad you are at building decks)	4900	19025
PYV83e3Wq3U	ANNOUNCEMENT STREAM (I announce how bad you are at killing monsters)	3200	10909
a9yh5nugGrs	LEAKS STREAM (i LEAK HOW BAD YOUR DECK IS)	5100	17333
L5wiJ2wsqaw	LEAKS STREAM (i LEAK HOW BAD YOUR DECK IS)	3000	10176
QrNbNkVJnQU	WRONGEST INTERNET COMMENT EVER THEN DECK ROASTING	7200	7974
wXfpGUlQpAA	ACCOUNTABILITY STREAM (I count how many swings you miss) Darkest Dungeon day something	1900	10992
91va1gP0ofg	ACCOUNTABILITY STREAM (I count how many more lands you need)	5800	16283
yduioQL3nAI	FF PRECON REVIEW WHOOOO	24000	11792
WJ0jADX1n5o	DARKEST DUNGEON DAY 13	2800	12288
q1NYnAqiBnA	HOW MAKE DECK DO THING GOOD YES	6200	12735
5dcntzv282U	World's Greatest CEO defeats Darkest Dungeon Day 12	1500	8817
bIwKHdcf5ic	LEAKS STREAM (I leak how bad your commander deck is)	6500	13949
1Sw9ou1atA4	Darkest Dungeon Blind Playthrough Day 10	1700	11537
29AnmfvY6uE	Darkest Dungeon Blind Playthrough Day 10	2000	11581
F-b4YRROaW4	YOUR DECK MY MOUTH	4600	15784
esMJD80Nkmk	DARKEST DUNGEON TODAY FREE ROAST STREAM TOMORROW	2200	7522
UYfNvOXQGKc	WHY ARE THE ANGELS NONBO-ING	5900	17211
vSbQGeSQT_w	How to grieve AND build Boros Aggro	6400	16241
5z5u9tsU3D8	BEST THEME DECK EVER	7000	18022
tN-DNnPVhvU	CONFESSION STREAM (you confess how much better your landbase could be)	6400	9920
LyMqOZQxO04	CONFESSION STREAM (you confess how much better you could do in this dungeon)	2500	13601
IEGXRSbii2s	#1 Ranked Building Hater	2300	11708
8EFq6wfV_Ec	LEAK STREAM (I leak how bad your commander deck is)	6500	12693
RmFhXdKdZ4w	UNBANS UNBANS UNBANS	22000	8978
uSRAA20qOdI	LEAKS STREAM (I leak how bad your commander deck is)	6100	19431
GDOudmYinCw	DIVINE WISDOM, CONSTANT HECKLING, EXPOSED DECKS	5300	18649
rc7Dpz1Y4cc	Three goofballs lock in, HC WoW dungeon runs	2700	24189
8wpUIp1Xk3k	LOCKED IN, ZERO VAMPING, A TEAM BEHAVIOR	2500	5995
c7TvpYLOrmw	Reviewing (Allegedly) High Power Decks	7700	19077
YexDR3DQEv4	APOLOGY STREAM  (you apologize to me for missing your attacks)	3100	12098
woGofq1aTZU	YOUR DECK MY MOUTH = JOY, happiness	5000	18302
KNBgWcb3_d4	I am inevitable	2400	15797
FuatbyZ96Xg	3-man HC Dungeon Runs, I love crusading	1500	10894
nF8Z3YrkNZo	Darkest Dungeon Blind Runs Day 5	3200	10717
L_eqDRl3YqI	Day 4: Rebuilding Year	2400	18194
rnyqDF0BdDA	Day 3: The Farquaad Zone	2400	17374
v15y2wpXrgo	YOUR DECK MY MOUTH = JOY, DELIGHT, ANGER | ROASTS ON SALE NOW	4800	11106
eekKe37VVxk	Blind Run Day 2: Russian Army Tactics	2100	16213
j_5ZfMo3LuA	Blind Run Day 2: Russian Army Tactics	1400	3795
1Wck1aqUn8k	Blind DD Playthrough Genie Backseating only	3700	13580
4eNatU8hFy0	YOUR DECK MY MOUTH, JOY, HAPPINESS	5500	16445
2FUE9Q5FNsY	YOUR DECK MY MOUTH, JOY, HAPPINESS	6000	14915
tQqEGc4wLfw	HC Dungeon 3-mans, RFK into SM	1600	17424
td5hQIgvgBQ	TARKIR REVIEW FT LOCAL E-BOY @33_elk	14000	17076
0CCiiQzem-U	HOT COMMANDER GOSPEL SESH | Roasting Viewer Decks	4500	14317
x_KDzLSIns4	Tarkir DRAGONSTORM Precon Review	7800	23802
PMEaw8OhS6k	HOT COMMANDER GOSPEL SESH FT YOUR TERRIBLE DECKS	3900	16012
QWjNGFAXZRQ	Deck Roasting + The Gang Beats Up Fish	5400	23639
yEojNA_J2MQ	THREE IDIOTS ONE DREAM, BFD FALLS TODAY, THEN SM?!	1500	20352
FLueWA-O4c0	Deck Roasting + little WoW at the end	3500	20163
2V2vBKET-HY	Hot Commander Gospel Sesh ft. Your Terrible Decks	4500	14644
1OcyTHBctzE	YOUR DECK + MY MOUTH = JOY, LAUGHTER, FULFILLMENT	4900	18654
ao6nPNCwbb4	Three fools one dream, SFK = easy except not	3000	30518
SnqumALfsNI	5 man ranked development arc	1600	11882
Q4xonDJWz_w	HOT COMMANDER GOSPEL SESH FT YOUR DECKS	4600	18633
Yj7tLhqqb08	CEDH Clenchability Tier List w/ Comedian + Deck Roasting + WoW At the End	6400	34975
gdKlCoPBSUk	HOT COMMANDER GOSPEL SESH FT YOUR TERRIBLE DECKS	6000	17069
K-TBpdFnQuE	MOST DANGEROUS THREE WAY | 3-man WC with @beardprincess @ZMainCharacter	3200	28206
xT7BuQ2QiDI	SYMPHONY, VIOLENCE, TEAMWORK = DREAMWORK group ranked climb	1900	18375
ZNiG0fMA4kk	MONSTER GIRLFRIEND MONSTER HUNTING @zmaincharacter @dannyphantomexe @offbeatoutlaw	2800	17006
cvk7rxnAnRI	JUDGMENT DAY, DECKS IN SHAMBLES AND MY MOUTH	5700	15744
_UvNKYFgWg0	GIRLFRIEND FIT CHECK I HATE OCTOPI	4800	31313
FUoKYUtPCiw	HOT COMMANDER GOSPEL SESSION FT YOUR TERRIBLE DECKS	2600	12068
ul5__nHMaR8	ROAST UPDATES + HOT COMMANDER GOSPEL SESSION	5600	17030
bEv9HVRRcjk	VENGEANCE, HANDSOMENESS, DOMINANCE | 3 MAN DEADMINES INTO WC	3600	30210
4mXN3-ch7sU	HANDSOME PRINCE AND MONSTER GIRLFRIEND OVERCOME IDIOTS	2900	12903
i8q87zu2rBE	HOT COMMANDER GOSPEL SESH FT. VIEWER DECKS	6700	18775
EaAZFIKieTc	4 UNDEAD GOON SESSION HC WOW	3300	17912
_QLIkYbUKew	HOT COMMANDER GOSPEL SESH FT. YOUR TERRIBLE DECKS	6300	16548
seamY6fu3tU	FF REVIEWS INTO AETHERDRIFT	12000	14175
ZoRhE2NlvY0	YOUR DECKS MY MOUTH = JOY, smiles, personal growth	6600	16438
eoCCXmRu8EM	YOUR DECKS MY MOUTH = JOY, smiles, personal growth	6300	14386
1PvUVgur4tg	YOUR DECKS MY MOUTH = JOY, smiles, personal growth	6300	15566
4r0HjASHf8M	HANDSOME PRINCE ESCAPES CURSED TOWER (bronze) | playing w/ @offbeatoutlaw @zmaincharacter	1800	14848
3ygLVFDuhnE	YOUR DECK MY MOUTH + WoW AFTER	3300	17721
czlKhVMuVrY	REVENGE ON RFC WOW HARDCORE CLASSIC	3300	23121
i-W5baRHq88	I AM BECOME SUPPORT, LIFTER OF CARRIES	2600	10962
7m_cE7Ya9LM	YOUR DECK MY MOUTH, hilarity, good times	5800	15015
nhhoLUfCbvk	YOUR DECK MY MOUTH, hilarity, good times	5000	13085
D9XM7DsnsKk	Aetherdrift Precon Review	6300	15905
u_AlgvdaRyg	Handsome Mel Hater YAP-CLIMBS	2200	11378
Z7P8-2Xw9fM	YOUR DECKS MY MOUTH, hilarity ensues | Commander deck roasting	6200	12583
8dHNNMuq6jc	Ascension, Vengeance, Handsomeness	2700	23406
Zfmz-JC_sjI	GREEN HATER SOAPBOX ERA | ROASTING DECKS FOR THE CHILDREN	7000	14045
q1Vt96eqocM	DISSECTING AETHERDRIFT HANDSOMELY | WE ALL CARS NOW	9400	11261
zwqrruUCifA	I'm Too Charming for Bronze | Princely Climbing Behavior	2300	15640
TnT9Mx1wRTY	Decks = ROASTED You = LAUGHTER life is good | !roast	5200	21005
i8DzIgHlwM8	character IMMORTAL vibes IMMACULATE cheekbones IMPOSING	2500	38823
H4Ls4iRoPuU	Saving the World One Deck at a Time	4300	15931
b-KVBm6TLxE	White man struggles for once	2900	22139
wFY4WGJMxt0	A golden light is upon me | VANQUISH	2400	9030
URCD_hA6lvs	Saving the World One Deck at a Time	7300	15020
6QHxo8-G4U4	GCX Charity Spelltable	2200	11125
dkUOh09Dhqg	A NEW AGE, A NEW RANK	2300	13190
4OOGytR5rgw	Saving the World One Deck at a Time	7700	13536
b7LLT4GSSKg	I must achieve transcendence	2500	14260
0QruI47KTSw	I must achieve transcendence	2200	18281
GL2dKU-r4Vs	Unrelenting Handsomeness and Dominance	4700	13772
DE2ZGw6MO98	Unrelenting Handsomeness and Dominance	2300	13176
vG7ycT1rh3c	New Year Worse Me	2800	16108
4wmQZl00nHc	Mediocrity ends, justice dawns	2300	13918
b0lqlmt7Ino	Saving the World One Deck at a Time	3500	6215
RdRedtTUKVc	Saving the World One Deck at a Time	5300	10096
a-g6t29s7iE	I understand it now	3800	26296
WeiUU5RxElg	metamorphosis begins | local jester plays ranked	2100	14486
J6Hb0LrHQxg	metamorphosis begins | local jester plays ranked	2000	15534
f7UQsJR8hMA	Saving the World One Deck at a Time	5100	13449
ekSsFShUENA	Saving the World One Deck at a Time	4900	12257
HBEcZE4mBrE	Unrelenting dominance and handsomeness	2900	15559
rxy_ETjj0ig	Investigating Standard's backness	3000	14899
hWKvAtrsaqw	Saving the World one deck at a time	5700	12258
0p2gQh6VQJ4	I will NOT feed my girlfriend to zombies	2300	7586
c5pcPbbNhi8	PoE 2 Blind run	4100	15667
CCr8HZHEoY0	You Deckbuild Like This?	2200	40
5Ff0htEof-o	Draft Champion Reclaims His Throne	2700	14650
CLfPuy3DOBI	Vintage Insanity into Balatro Insanity	2400	14044
S36VDPhGWO0	Saving the World One Deck at a Time	5400	13354
xUpC1qCanJY	Trying Marvel Rivals	1700	4229
PdxJPW2DhK0	Trying Marvel Rivals	561	63
XecLKLOJ9EE	Trying Marvel Rivals	1900	7156
DDEQafpvFYI	Trying Marvel Rivals	2500	12
wuo15b-AuTM	Worlds Most Unemployed Drafter	3000	7640
u6mra0bqgb8	I QUIT MY JOB TO ROAST FULL TIME	7000	10940
lUzEbMGtvLs	I QUIT MY JOB TO ROAST FULL TIME	5200	10523
_9k5nv0Rq7E	I QUIT MY JOB TO ROAST FULL TIME	9500	12533
UmJX1XVk8RM	I QUIT MY JOB TO DRAFT FULL TIME	4300	8998
w0WcU6y16fg	Saving the World one Deck at a time	5100	7221
w2fvUxch0BE	Ununstoppable Drafter ascends to windows 98	2500	9171
xxIuuiGH64k	Saving the World One Deck at a Time	5700	9388
VZJ1_0poLWI	Saving the World One Deck at a Time	4200	10217
q_5uoLTsOAo	Live with Restream	2700	10924
hhsWFb-MJWo	Live with Restream	4100	11264
8zXoeieNEEE	Saving the World One Deck at a Time	5600	10166
hflG6EeLGY4	Unundefeated Draft Champion Rises Again	3500	7544
pkOzyLCoZgs	Saving the World One Deck at a Time	6500	12196
9W4yhLAcPIg	Saving the World One Deck at a Time	6600	12684
-FWC3LSQxEQ	Unstoppable Draft Champion prevails again	2800	8078
QkDlBlguSjA	Unstoppable Draft Champion prevails again	3000	9635
Wj9Z2cFcJZ4	Saving the World One Deck at a Time	5800	10970
cBcpdCBBKx8	Saving the World One Deck at a Time	6000	11964
F2YPC5T88sg	INVADING HAUNTED HOUSE FOR MY GOTH GF	3100	11244
cvsUinAo8UM	INVADING HAUNTED HOUSE FOR MY GOTH GF	3300	8894
gIhQwitFEcM	Tactical Genius Clears Childrens Game Day 3	1900	5782
sI2wQeDqEvw	Saving the World one Deck at a time	6700	12277
eBaCdNxJX-w	INVADING HAUNTED HOUSE FOR MY GOTH GF	5400	11305
NghV7I7tNgg	Saving the World one deck at a time	6900	15785
0zXYiYf-E0Q	Fixing My Viewers' (Decks)	6700	13860
Q6rQZA2iD00	Tactical Genius Discovers Ascension Levels	2600	9646
uI4vNwAb_TI	Tactical Genius Blind Clears Children's Game	3100	7311
QeMJ-6OYlCM	Tactical Genius Blind Clears Children's Game	3900	9486
iu9BkKG_Goc	Fixing My Viewer's (Decks)	6500	8520
00w3eEJiesQ	Unstoppable Draft Champion prevails again	2500	5374
spB4mytsN60	ROASTING YOUR ABOMINATIONS | Now in color	5600	11637
KPJnW7HTrNQ	Better than Napoleon | I have won 0 rounds	2000	5531
KXIvC4_MUHg	Webbed Toes on Top | MTGA Standard LizardMaxx	2600	6725
XghbJjP4dFQ	Throating the Opps while Lizardmaxxing	3200	4847
u2VS1Xgey3Y	SQUIRREL WITH A GUN	2500	2941
8SZoEaaeC50	SQUIRREL WITH A GUN	3000	4881
LqwKLAbiqWk	LizardMaxxing and Reptile-pilled | MTGA Standard Climbing	2600	8685
t5I13-_5kp4	LizardMaxxing and Reptile-pilled | MTGA Standard Climbing	2900	7614
7UtrMZFCjFQ	LizardMaxxing and Reptile-pilled | MTGA Standard Climbing	2900	7301
OQm20hy4KF0	BLB Standard clears BLB Limited | Lizard Rizzard Time	2500	8065
9hnQNKp2R8Y	Deck unplayable spirit UNBREAKABLE | BLB draft + viewer games	2800	7708
3V8rrXcnSwk	Deck unplayable spirit UNBREAKABLE | BLB draft + viewer games	2700	6414
Rx2ka7-X2Iw	Running it down with the power of love | bf/gf Draven/Leona bot	2200	7143
BlF_ej8iDw4	Outdrafting the allegations | Viewer games too	2500	7793
tXbV16UtJi4	New Card Game WOOOOOO	3300	9151
9AH5ZwnUJCI	New Card Game WOOOOOO	4700	11244
pgpw66fHMHA	The Best Worst Decks Ever	3900	10451
xCDOsfOYgts	UnUndefeated Drafter Malds over Cube	2400	6312
B18qRTsnEYo	Title: Comprehending Horrors beyond my comprehension | Commander deck roasting	3100	9674
9y_RRor4yiM	Title: Comprehending Horrors beyond my comprehension | Commander deck roasting	3400	6512
v9hWMK2DfCU	Examining your worst decks	4500	14308
sYgmDRLnI_s	World's greatest drafter malds at cube	2400	5991
eKShWxaem7w	MALDING TIME	3700	11441
Vrxplh7_BY4	MALDING TIME	3100	13908
5k6TO-pXWZA	MALDING TIME	3900	13270
ZAHeUZ_52nw	MALDING TIME	3100	5747
cD5fV0vsMs8	Fixing my viewers (decks)	3800	10563
otJQBKbNLpE	Fixing my viewers (decks)	3500	11823
CV0khmQQBnE	Fixing my viewers (decks)	2400	8928
rC24m5iHJZQ	Fixing my viewers (decks)	3400	11987
48knOjBNJSM	how many tentacles can we fit in one deck	3300	9602
bjxkn3zeCjU	Fixing my viewers (decks)	3600	13583
9rGSuaIY3IU	Fixing my viewers (decks)	3500	11071
gvgKvzo7tP4	Fixing my viewers (decks)	4000	12108
OG6l9iSGnlc	Fixing my viewers (decks)	2900	6220
06nlfELvHkw	Fixing my viewers (decks)	4000	10928
On9iWxEmEwI	Fixing my viewers (decks)	3500	11604
oltfIXLHf_Q	Fixing my viewers (decks)	666	338
0DysXAcnrPA	Fixing my viewers (decks)	601	356
L9ELxa-UuWI	Fixing my viewers (decks) | !roast	3700	7316
htMQm8ZZXsw	Fixing my viewers (decks) | !roast	4500	9760
ZS5ni-JGVzI	Heist is too crazy	3500	7725
EPAVKaNwRKI	Roasting my viewer's horrifying decks	5500	12545
nrwqmpojYSg	Roasting my viewer's horrifying decks	4400	10570
Wq_qoVumfXI	Roasting my viewer's horrifying decks	5100	9237
ImS2vbCkVuo	Roasting my viewer's horrifying decks	790	5
KhLxKbT8IhQ	Roasting my viewer's horrifying decks	841	5
v50EGxeGpDY	Roasting my viewer's horrifying decks	6700	10201
qVGn7QSQVHo	Roasting my viewer's horrifying decks	968	3
crkVsCrVsvE	Goth GF Combat Parade	830	221
a_eRBfBU8nM	Goth GF Combat Parade	2400	687
HUJnTi0RBV0	WHY WOULD YOU BUILD THIS? | Deck roasting	6400	8065
6C1DKiew9Jw	REVIEWING ALL OF FALLOUT	4900	11361
6UCKQQmWoEY	SHOWING GF MY DRAFT RIZZ (please help)	3200	7246
E5W85DVj8ak	NEW DAY NEW DECK ROASTS	3400	7292
_s-q18z-By0	ANIVIA BEST ADC | botlane shenanigans	1300	6762
_wTNut-Xn7s	ANIVIA BEST ADC | botlane shenanigans	166	4
aN7cd1fpftA	ANIVIA BEST ADC | botlane shenanigans	569	5
FXMj5WVSaqA	DECK ROASTING IS BACK | !roast	3600	8532
yREuxT5j2bE	SHOWING GF MY DRAFT RIZZ (guys help)	4800	6673
WFPLDL7yfaM	Viewer Challenge Day	2200	7178
d8cxicVqdQE	Roasting my viewer's terrible decks	6600	8809
pug1u9ZlBq4	Hasen-yuhh | Yone/Yasuo botlane god duo	1500	6783
rQogwEMPpm8	Hasen-yuhh | Yone/Yasuo botlane god duo	1800	6979
j_1UcBLQJoc	DECK ROASTING IS BACK	4300	7893
kNqww-1U7K0	Unstoppable Draft Champion prevails again	2200	7663
HRkD9PFSwHY	Unstoppable Draft Champion prevails again	2100	7867
mB2fKu0FzBM	Unstoppable Draft Champion prevails again	518	6
whH6F4Tu5rc	Top 5 Abductor preps for Guild Wars	1400	8556
YWAYaEsW-TU	WELCOME TO THE ZOOM ZONE	1600	6914
UOrPkxq9H50	Dommy Mommy Toxicity | HBRAWL Viewer Games and Deckbuilding	2400	8845
1MlAYMzL8GA	Mald'Dib Rises | Un-undefeated drafting continues	2700	10694
yjayaaxv4ns	DOGHOUSE TOURNAMENT FINALS | Budget Commander	1900	8318
foKSyZ3ofXE	PURE THEIVERY | Viewer Games Stream	1600	5985
aurf3TK_2kA	PURE THEIVERY | Viewer Games Stream	514	24
vutWPZmukVs	Nasus is the Lisan Al'Gaib	1900	7417
fqoavR4cSAM	The Lisan Al'Gaib Rises | Un-undefeated MKM Drafting	2500	8209
mowiMSigp6I	The Lisan Al'Gaib Rises | Un-undefeated MKM Drafting	2400	7671
pgvv4_rt2lI	Bot Lane Must Pay	2100	5513
dXdScJ8CfEQ	LONG MAY HE REIGN | Un-undefeated draft streak continues	2000	5895
k5n2QopY5j8	LONG MAY HE REIGN | Un-undefeated draft streak continues	423	4
FbXEAm47oK4	LONG MAY HE REIGN | Un-undefeated draft streak continues	1900	6358
rka-ortOFrU	The return of the king | Draft champion rises	2200	6457
1vuJveME-Jc	The return of the king | Draft champion rises	287	60
iaq2g8zMaMw	The return of the king | Draft champion rises	553	16
gHWig75zJdE	LOVE CONQUERS BAT HEIST | Mald and Z steal from Timeless players	2600	2728
jfNwp-3aX70	I COME TO CONQUER | totally ok mid laner	2700	8713
MPzMK12_jfk	I COME TO CONQUER | Karlov Manor drafting	2700	5875
7cufkJk5wqc	Draft God learns MOM | maybe Brawl viewer games	1000	56
F5rmvmhipXc	Draft God learns MOM | maybe Brawl viewer games	3300	9246
q9TzuFL14Tc	Draft God learns MOM | maybe Brawl viewer games	596	16
tCP8NiBNcsk	NILE BAT CHALLENGE | stealing my gf something nice	3000	10726
5AJOQ0a1Gmg	Couples Cube Draft with ZMainCharacter	5000	8555
Tq5vaRkpIoI	Couples Cube Draft with ZMainCharacter	835	2
FZoaz9YnoPw	Industrial Revolution Moment | first time playthrough	1900	9266
VvJn2PwOSmk	Brawl goofin in MTG Arena	2900	8604
OKJgvpx-dnc	Brawl goofin in MTG Arena	419	121
pLQJ3ql6l54	Brawl goofin in MTG Arena	494	6
Ql_iFXk5Aww	Drafting Prodigy attempts CUBE	3700	14445
wvokzJsvuX4	Drafting Prodigy attempts to not misplay for one entire day	2900	7946
3h1qRexpIzc	Drafting Prodigy attempts to not misplay for one entire day	757	132
6san59P3SMg	MaldHound's $650 Pioneer Tournament Top 16	3800	31897
vqrjmDLw7Qo	Drafting with the Cheesewheel Strat | Viewer games later	3000	9487
r82NIcIFcis	Mycotyrant on Top | HBrawl gaming	3900	11187
gi5HsxAEB44	Mycotyrant on Top | HBrawl gaming	739	9
MdwVmmj725U	LCI Draft Champion | Idiot's Guide to Forcing Rakdos	3800	11538
bpPEGtJLn4U	Dr. WHO CAN GET IT	4000	4890
QjvTEaPtlvg	Dr. Who Commander Breakdown	5600	8709
Qy6rdaatFQc	Dr. Who Commander Breakdown	2900	457
5HLiUjE4fR8	THE FINAL DECK ROASTINGS	4100	10924
6jpO8t__DFs	dr WHO CAN GET IT	5100	12077
D9_U4wV_oiU	DECK ROASTING CONTINUES | 39 to go	3900	7456
zB4tKVlDLZc	DECK ROASTING CONTINUES | 39 to go	486	31
JDi63Qji0Vg	DECK ROASTING CONTINUES | 39 to go	1500	610
IIjiRWJBhus	DECK ROASTING CONTINUES | 51 to go	5900	8374
DD_qVRHySdk	DECK ROASTING CONTINUES | 51 to go	1700	354
o7koHEdiQIc	DECK ROAST SUBATHON | all kinds of activities !roast	8400	42899
3xTWPUVMFYM	Conquering LCI Draft	3300	7664
g4s-605gqro	Conquering LCI Draft	635	100
xkWokHf41Ac	TOURNEY PREP | Pioneer Meta Breakdown	2300	7035
OKx8srV1u_0	TOURNEY PREP | Pioneer Meta Breakdown	837	79
ZVRyFO-nVUE	Giving the gift of SALT | Drafting and viewer games	4100	8946
sXcHuK6kAeI	Broke Boy Timeless Gameplay	3500	5547
R2x7Q_VCXhQ	DEMOCRACY DECIDES | Viewer Games pick my next roast	3500	10065
RsXKHk_uLr8	KTK IS OVER, pranks only	2800	6960
UaFcKh8c1PU	KTK IS OVER, pranks only	861	258
YhVGVNHSLFk	KTK IS OVER, pranks only	1000	163
qWpXZM31b3o	LOCKING IN to the toxic grindset	3700	10688
kx1zC0e31U0	LOCKING IN to the toxic grindset	6100	7933
qBPLI93sDGM	LOCKING IN to the toxic grindset	3600	5132
AbLBLano1WU	CAN THEY GET IT Tierlist Vol. 2	15000	7110
mDVsYoCyqOg	Toxic Drafting + Viewer games (maybe)	3500	10057
UI5qRrhtrTs	How to be a Toxic Drafter MTGA	4500	9795
UHOppGsw1As	How to be a Toxic Drafter MTGA	5400	8773
ibAhJOK1oVU	Spite Concede WR attempt	6000	9485
K7Hh-4bhqQo	CAN WE MAKE BOROS GOOD (Quintorius Kand)	4800	7233
VM8aiCRXvRM	Ixalan Drafting + Color Ranking	4100	7392
Z4ZlCcqIILE	CAN THEY GET IT TIERLIST + Among us later	17000	8070
Da3nFwj_GJI	Ixalan Drafting + tierlist	4900	14797
vLMMWnpSXis	MTGA Historic (Almost) No Bans!	2300	6435
i7fLfOvZG8g	MTGA Historic (Almost) No Bans!	1000	403
J4FaERq_vis	MTGA Historic (Almost) No Bans!	1000	335
oqZhMhY7k0Q	MTGA Brewing and Brawling	2600	16048
kaSL0AGmZOk	Arena HBrawl	1900	8206
QPASnqBup_I	Arena HBrawl	1000	376
DSmXxXBPxqA	Arena HBrawl	3000	8702
rmxbN2vfDOY	Oathbreaker Gaming	2400	7178
cpXURBQzdMg	I SWEAR I CAN FIX HER (Baldur's Gate 3)	2700	6335
fG_C5ZutFNc	Balduring all over someone's Gate	3000	5953
nxBXIr0xRRI	Best League player in my office	1700	5405
aDSXhCfpb-w	Backgrounds Commander Gameplay!	2400	6051
RZISX51wcgU	Kingdoms EDH	2000	5567
WPAG3GGBiO4	Broke Boy ranked grinding MTGA	3100	4359
RBqwTRcoMyM	Downbad Greek Mythology Game	1700	4662
yAYiMuVYVt8	Penny Dreadful Commander	2200	6978
BpsGFp1KQ48	Getting tricky with Toski	2800	5505
bhoXP4m4cxI	TOP 8 of my Discord's Legacy Tournament	1200	10509
qsMc6O8DvBA	Fraud Checking people with Akali	1400	68
-WvBZ6ZedOQ	Fraud Checking people with Akali	1400	1911
pbSstN479r8	CUSTOM COMMANDER EDH	2400	5776
39uMUzmWJAY	Beating Hades then speedruns	1000	6388
Mj5MJXYC-aI	Investigating Runeterra	1600	5525
JfXG20aEFKM	Investigating Runeterra	932	9
hZwGa4gn0AI	Making a Sauron Deck	4000	6058
OSCNodIzZuw	Can I Learn Legacy?!	1500	7826
OuxkhFIvkwg	Treasure Cruise: EDGIN'S REDEMPTION	3400	5979
x6KDSjmYaO4	Making Juri do crimes + viewer games	2300	5593
A_BE0JcRP60	I will become legendary	1900	6304
SeYqIpUykRs	Viewer Games on MTGA	1600	6101
ylL6u8TQhew	Viewer Games on MTGA	2100	7153
VmrGqqc1wuM	Gameplay Guide for Morbin' Deck MTG	1100	3833
FOWV_H8Kg9w	Playtesting MTG Decks for Sixty Cards or Less	814	5251
