f1Bw9A61Q9c	PLEASE STOP BALLING ON ME	8200	1391
uT_x7iXezMw	A Reasonable Review of Reality Fracture	170000	1625
9iul5Ms_m2s	THE FLUBBER DECK IS REAL AND CAN HURT YOU	126000	1709
_trsXrbR_Ts	The Most Helpful Video I Will Ever Create 	37000	253
7LJW9axFj5s	Roasting RIDICULOUS Viewer Decks	37000	1558
zg8fCzgLWA8	Our Honest Opinions On The Hobbit MTG Set	70000	1555
MqLPJlbT-A8	Anime Protagonists As Commander Players Tierlist	45000	2910
iXWUht1aPHw	They Made Vehicles Great For The First Time	70000	1509
loxBwpuOTi8	The Biggest Liars I've Roasted	45000	1595
ek-9kCdnSBM	My Honest Opinion On The Marvel Precons	87000	2338
8qMqtbjrkw8	My Honest Opinions On The Marvel Spoilers	71000	1262
AW_62_0k9gw	I Might Be a White Guy After All	79000	1486
POKy4HClRxE	They Won Me Over	75000	1600
Vc1i2RY2DwQ	You Can't Keep Doing This	56000	2042
ejzAIDg3H0M	My New FAVORITE Viewer Deck	91000	1215
mVivGBk9zO8	These Decks Make Me Say Awful Things	68000	1604
E-ag03Jacgc	The BEST Bracket 1 Deck I've Seen	129000	1769
ch5cuec7pp8	HILARIOUS Commander Decks Get Roasted	44000	1736
4R0TEt2ZWIA	I HATE That I Love This	75000	1274
qtXVb0-KWXA	The Ultimate Deckbuilding Challenge	71000	2144
l1aUJiLcyA0	They Cooked TOO HARD	91000	1381
OCf3dlegS-g	I Am Distraught	54000	1890
ZsEwmX7actk	I Am Completely Disgusted. Keep Going.	85000	1780
ditnNHpGDmU	I Can't Handle These Decks	79000	1843
pUbWU-l94i0	Roasting RIDICULOUS Commander Decks	82000	1909
iPU_ygZRPe8	The Turtles Might Be Cooking	29000	540
CE-Aq1WJWQA	The Reality of the Hasbro Lawsuit	112000	676
XI1AhWZCNWo	Maldhound and Elk's Favorite Lorwyn Commander Cards	NA	1890
RndkNuXXJ3w	The Most Hateful Reanimator Deck I've Seen	110000	1887
QWHYapxomDQ	Winning your Lorwyn Pre-Release	NA	1975
7leaTi-VsCc	The Wildly Inequal Lorwyn Precons	134000	1475
X9MXI2WA7zg	This Deck is an evil Fidget Spinner	69000	1812
VZ64W6Clqiw	This Deck is Evil. I Love It.	91000	1781
uKImgFRfW3I	I Thought Food Decks Were Silly. I Was Wrong.	32000	976
10hvy7ZHJw0	The FOULEST Bracket 1 Deck Ever	131000	1824
ym5xF_VHuVE	A Reasonable Review of The Avatar MTG Set	48000	2455
rEJhcArjdZ0	A Viewer Sent in an UNSAVEABLE Deck	71000	1900
hKFIU9m158U	I Torture VeggieWagon with Custom MTG Cards	NA	1366
cIgK_jbGu7Q	I Went Too Far	61000	1093
jY5Ayd_3oYU	The Hybrid Mana Crashout	NA	2035
bZiHTzI502E	Roasting RIDICULOUS Conmander Decks	67000	1834
ifdrdJbQJXk	It's Time For a Change	68000	769
lfuMOWUYjZg	A Viewer Made the Most Common Deck Mistake Ever. I Malded.	70000	1781
BEUTo6r3XB0	My Girlfriend and I Roast Your Custom Magic Cards	38000	1766
mYnuNVlWhxo	Roasting EMBARASSING Commander Decks	89000	1821
Vnl7bAKMC-s	A Viewer Put League of Legends into Magic. It's Evil. I’m Building the Commander Deck. 	NA	1541
rHw1hU3MvQs	SAVING my Viewers' Commander Decks	64000	1527
z217GK_46hk	A Reasonable Review of Edge of Eternities with @33elk	45000	2798
JOizC_aza8Q	MTG Youtuber Learns Warhammer	20000	3575
90mwMDRdPks	I Torment another Youtuber with Custom MTG Cards	52000	1794
PMW9K5rbXyg	A Shrimp BURNT This Rice | Commander Deck Roasting 	84000	1853
LWw5Ms7Ci0U	I Scientifically Determine Where Every MTG Archetype is Happiest	146000	2662
5OWhUQ4SgdY	HILARIOUS Commander Decks get Roasted	76000	1892
wAEJhI1Gm6M	I made another Youtuber look at ridiculous custom MTG cards	85000	1750
UlqybLcK_H0	The CEDH Problem	56000	192
fy6qXuUEhhE	Flavor Decks but the Flavor is Hate | Commander Deck Roasting	111000	1894
CJ1zF1S3404	I Made a CEDH Pro Rank Commanders by Clenchabilty	65000	2698
9bgaeIKVmJI	RIDICULOUS Commander Decks get Roasted	87000	1697
6ZbWUjwok5U	A Reasonable Review of the Final Fantasy MTG Set	76000	3774
dDZE34cOPD8	This is what peak Mana Curve performance looks like | MTG Commander Deck Roasting	91000	1924
Traz69jpMj8	"My Deck is All Hot People" Goes Wrong | Commander Deck Roasting	110000	2020
BCXff9twZoc	A Reasonable Review of Final Fantasy Precon Decks	89000	4296
Gm1WYcIhD84	They Might’ve Cooked | Commander Deck Roasts	79000	1924
lDWyRyvW_tI	You Are NOT Cooking | Commander Deck Roasting	98000	1945
L8lQSXLoumo	GREEN ISN'T SAFE | Commander Game Changers Update	84000	2073
-Rnw7hNwjp0	Commander Unbans are Here! Prime Time Fans Weep!	58000	1658
dfKHhWSVrPY	The Myth of the Goofy Combo (Commander Deck Roasting)	94000	1887
EzbRBJu-E1k	A Reasonable Review of Tarkir Precons	68000	3663
28XKrKlNI4U	A Completely Reasonable Set Review of Tarkir Dragonstorm	66000	4200
wBhZUkBGQ_w	Roasting TOUGH Commander Decks	85000	1797
7ZveSqiqKXY	CEDH Pro Ranks Commanders By Clenchability	164000	2583
opvh0VNUuiI	A Completely Reasonable Review of Aetherdrift with ​⁠@33elk	51000	1755
p514979Rl54	HILARIOUS Commander Deck Roasts	101000	1908
5aYOg_K3FH0	Roasting HOPELESS Commander Decks	107000	1716
wniEPCFnZyQ	Two Twinks One Set: Final Fantasy in Magic with@33elk	60000	1650
5SqTPjimLKk	ROUGH Commander Deck Roasts	105000	1858
E7M4KeaH6_s	Roasting NONSENSE Commander Decks	124000	1608
qfAzmMCKa5I	Ranking BloomBurrow by Magic's Most Important Metric	46000	1894
_qh4vzCfHII	The Reality of the Commander Bracket System	155000	1252
zTrQ4tVBUGQ	Roasting WILD Commander Decks	142000	1558
Lp61ABQeEr8	A Reasonable Review of Aetherdrift Precons	69000	921
xUwk4CoGqAU	Roasting FOOLISH Commander Decks	137000	1765
SE6pg7KrKwg	The Most PAINFUL Decks I've Roasted	171000	1284
mwnIU9x60gA	Aetherdrift Breakdown and Seething	26000	848
zr1vLle7sDA	Roasting this Deck HURT Me	84000	684
xYAzoTQbZrI	SILLY Commander Deck Roasts	49000	564
PDLvVLAqIug	DIABOLICAL Decks get Roasted	57000	664
M7Au9m-jgSs	PAINFUL Commmander Deck Roasts	55000	627
YoSBlvn3Vnc	I Roast RIDICULOUS Commander Decks	60000	654
G-_2XamfHHA	Pseudo Fanfic and Cheerios | Show Me Your Deck	51000	708
q34dLQKH0tc	Token Deck ROASTS ITSELF	59000	604
S9SMj1g1Qi0	The Worst Flavor Wins | Show Me Your Deck Commander Roasting	45000	669
TlRw_U1lD9A	DOWN BAD Commander Deck Roasts	61000	696
Dw9wq6byrHA	"Unfinity but I'm French" Can't Be Your Deck Theme | Commander Deck Roasting	75000	611
2Wdl8EiOKEg	"Ral Zarek Gets TRT" and Other Aspirational Plans | Commander Deck Roasting	52000	711
HqwyVChYdBA	HOPELESS Commander Decks	55000	629
RFuRNiOoT5k	"DimirCombos.Gov" Can't Be Your Deck Theme	54000	667
0DBtxDMPejI	"Mono-Red Ramp but I Unramp You" is a Ridiculous Deck Theme	81000	714
kTOo3L-nA4Y	Will, Scion of Please Let Me Out	141000	99
wLkWU_WTGgQ	Rowan, Scion of Twilight Remakes	84000	79
Bep2VTneTFk	"I Stole Your Deck" is a Deck Theme, I Guess | EDH Deck Reviews	49000	555
CSBJEiMRJiM	"I Own Ulamog" is Not a Deck Theme	71000	621
7yHSA0kq5-8	An Intellectual Breakdown of Corporate Advertising (Marina Vendrell)	116000	104
2j52dL3GmrU	Golos Tires of Being Banned	150000	119
OOmXzxYdRcA	"The 2024 Election" is Apparently a Deck Theme	68000	645
HaFTp_fOVoo	A Calm Review of Izzet Rock Bottom (Eruth, Tormented Prophet)	107000	81
sTABvBHHTG8	Voltron Decks 101: A Lesson on Crashing Out	126000	109
K_vUglvdZhY	Xyris AKA God’s Punishment for Blue Players	144000	89
NWYw91O0yEU	A Reasonable Review of Gonti and Theft Decks	111000	104
85R2s4pSV-g	"I Lied about My Theme" is NOT a Deck Theme	80000	710
bmkEZCcisls	Lathril’s Family Tree is Violence	83000	84
MoxpV3JX6g0	Planeswalkers 101: Intro to Hating	60000	126
niZ4gv3tSqk	Your Deck Theme Can’t Be “Yugi Will Choose Me”	51000	538
fiO-Qz6QH_M	Oskar Reclaims Lying At All Times	92000	89
1Yzj1IN10YU	Your Deck Theme Can't Be “Felony Intent to Distribute"	108000	569
xMoqnhHGAes	I made a cEDH Rules Committee	40000	69
qDNoC0ZNaBs	Sméagol is the Dirtiest Blue Commander Yet	125000	88
bu3reYaEuPE	I am Totally Chill about Sivitri and Dragon Decks	152000	74
LVXaId5qSHI	Your Deck Theme Can't Be "I Have Sixty Dollars"	84000	515
pQyhNsKqtBo	The Ygra Personality Test	202000	100
awKdkw10cfY	You want to play Yahtzee, not MTG	29000	279
Xsqz9cs1jDk	Zinnia Says Everyone Can Get It	130000	123
ummsWr3-vdM	I Mald all over your Commander Decks	23000	217
8VjUYUMB9jc	Blim wants equal opportunity suffering	126000	82
FJpV7goGZJ4	Every Izzet Player in MTG	109000	122
RIkWiMY77e8	Magar and the Magic Tax Evasion	115000	86
5Vqv-TjW_tw	Grolnok the Trust Issue	159000	95
jj1bAuJKu8c	Ib’s Got A Half-Full Heart and Full-Smooth Brain	143000	99
Lg3RKQnC-IE	When the anime power system is petty	24000	91
HQopRTNhu_k	Falco Spara teaches us the horrors of Sesame Street	115000	87
3qxIMNXcKFs	Fixing your Commander deckbuilding in 90 seconds	77000	80
SwD8NLbEP3I	The Simple Trick to Playing Against Nadu	74000	104
A9lM4uL_9dk	Ramses Lord of Full Court Buckets	118000	76
7yoKgVV4DkU	Flubs has me acting Foolish	232000	115
xq2plRCyGA8	I review Fallout but it’s just on vibes	14000	710
14cbajwgZPA	Kenrith is King of Just Kind Of Being There	135000	91
43F-t0EYa-s	Velomachus teaches Fade Running 101	100000	76
O6xNIBplhLI	Narset is Totally Fair (if you can’t read)	172000	93
IapwOJzwqRc	Brudiclad makes blue tokens so much worse than you thought	152000	94
J-si1aYqvFg	MH3 Ulamog Defiles Our Friendship	170000	91
XItbPYkvPoM	Piru the flying Dead-Man Switch	156000	81
G0plfVVPio4	MH3 Eldrazi Need Explaining	247000	86
rMLHUfgJazs	Gimbal, Med Rationing Prodigy	105000	84
zQ5ftXCoQ9w	They Made the Bears Hateful (Kudo, King Among Bears)	170000	105
06WE3EdnOtM	Sisay, Weatherlight Captain is Fine. Totally Fine.	93000	103
n5LCuEugBoA	Teysa Karlov is Queen of Gaslighting	123000	72
RgeM7ANNlfg	Saskia is Unyieldingly Petty	70000	76
-XrY9ZdRQ5U	I react to the latest MTG Bans (and what they should’ve been)	48000	74
7GWE74rs0N0	I Am Normal About Taii Wakeen, Perfect Shot	169000	95
3Ndfbntho0A	A Totally Chill Response to Gitrog, Ravenous Ride	155000	97
v1WvqLDB8aI	Rashmi and Ragavan Reinvent Cybermugging	107000	76
jU84aI9kYHg	Jolene Players were raised in a Good Home (derogatory)	189000	104
B8gL0dYhoz0	The Three Kinds of Magic Gaslighters	54000	119
GeizpJh9v0k	Rhys is for Garlic Salt enjoyers	99000	85
iRRM8Q0oD5Q	The Secret to Having Fun in Commander	51000	127
OveK3DpciI4	Every Magic Player Trying to Make a Budget	45000	65
sBAx1WUjUzc	Magic’s Best Chaos Commander is….a Big Pony	204000	106
gsrxvxe4Q6Y	Yoshimaru and Reyhan, Partners in Malding	87000	93
QmucMWJk_7k	Goad’s Relation to Stax and Whiny Players	53000	138
ATzriUJTWhM	Zedruu is the GOAThearted Commander	102000	82
owH8vVNaOGo	Norin the Kind of Too Wary	208000	99
9YdNAlziaIs	Grixis Finance Girlies Rise Up - Obeka, Splitter of Seconds	220000	96
R2KrwKbfxfY	Be Gay, Do Crime - The Thunder Junction Marchesa Story	210000	112
QFDXsGhOgF4	Klauth is Unrivaled at Tipping Poorly	123000	80
-QGCg63IEyI	Thunder Junction Eriette , theftmaxxer	176000	104
IXs-8Ef4-Ts	Etali, Primal Gambling Addiction	155000	87
IaMpn9b0vT4	They did Madison dirty | MTG Fallout Pre-Cons	50000	122
KiJk-Bb_vK4	How I Identify Deck Archetypes (just call everything cringe)	38000	117
qBkrPSLFMPY	Ghave, Guru of Busting on the Table	108000	67
cy7_suTDU60	Stax is (kind of) cheating in casual commander	54000	139
gbOLEpXC2Mk	The One Ring is Unplayable (morally)	52000	175
z-tsk56DUXQ	Why Iona Absolutely Had It Coming	45000	90
GCbXfdsEypw	Free my girl Iona, Shield of Emeria	116000	80
oc_TjsZj18A	The Bene Gesserit NEED Joe Rogan #dune2	14000	126
E2xwMd0TSe8	Confiscate haters just build bad decks #chipotle	46000	133
EFpXxR89r7s	Mirri, Weatherlight FRAUD #duckduckgoose	125000	93
zIdFrO5s0Qk	Zhukodok, Eldrazi Oprah gets roasted	144000	87
YLC_RRS0u8A	Roasting My Viewers' Commander Decks #honestmagic	26000	459
FDIk71v8A8s	Urza, Chief Angry Lego Kid	152000	110
RvLnAeBQdck	Hating Mill is Telling on Yourself	71000	159
cz5AGT_qd5U	Planeswalkers only cause Senioritis in Magic the Gathering	44000	120
OAJeYI7hmxE	Gojo makes you hate Californication	16000	77
MuUkzJz3RXk	Karlov Manor: Lesbians + Pollen = Profit	31000	69
4YCJaMrPwoo	Making Draft Players Suffer with Azorius Artifacts	9200	1323
zQ9daE-Zx10	Will and Rowan are the Ultimate Gaslighting Challenge	127000	101
NWsjpFfxnRI	Thantis is WoTC’s apology for Esper existing	130000	104
nQYn8q5UPiE	Auntie Blyte is the Heat Death of the Universe (and your pod)	150000	102
6Ne48uqPUEs	Adrix and Nev, the Chat-GPT of Simic Commanders	117000	86
K8QLSyjJM4Q	Ruric Thar is every Gruul Players Internal Monologue	154000	97
NbEDq2agfgM	Estrid the Masked masters the Vomit Meta	155000	134
Cbbyy28T60Y	Anim Pakal, Yassifier of Goblins	143000	98
wh9_JWuATfk	Scooby Doo has made it to Ravnica | MKM Spoilers (barely)	108000	87
ogzKg-cIE9g	Garth One Eye aka Satoru Gojo but a boomer	132000	113
T1Bfn1ykcak	How you get powers in Jujutsu Kaisen	17000	78
QRKsg9LhkAA	Ezuri, Claw of Progressive Education Policies	142000	100
nIHgtkAALF8	Geological Appraiser vs Vamp-Mom: Why appraiser is worse	35000	121
WDF_v1eGSnM	Why does Lifegain Need It? Abzan Amalia	33000	161
tZuLyAiE5Tw	I let my viewers decide what Commander I roast	23000	912
Gtyw1MDXIHM	Please God Stop Touching Your Lands: The Lotus Field Story	38000	198
xbjoqKosFEo	Gruul didn’t need STORM | MTG Pioneer Tournament Deck	61000	135
O6xU20eca4E	The Kobold Proletariat Rises | Prossh Budget Commander Deck	41000	586
v5XlCIj40OE	Omnath, Locus of Rage Quitting this game	123000	62
4Zoem1m4lBw	Olivia Voldaren, most Toxic Vampire commander	190000	108
-HcdVr617_U	Who Would Win? A 10FT Lizard Man OR 3 Goblins | DogHouse Pauper Series Winners Rd 1	8200	1094
UO2uXegC6XI	Behind the scenes at WoTC: Designing Beseech the Mirror	40000	81
IgzK1kWiECA	Xenagos, God of Welfare Fraud	146000	86
BnYXPr8SWHU	The Smoothest Deck for the Smoothest Brains | MTG Pioneer	32000	210
8mrdBU56aBg	Eriette, Mother of all Psyops	199000	99
DM0oJprAxNA	The Bowmastering Will Continue Until Morale Improves | MTGA No Ban Historic Event	13000	1214
MNgZknjPmOA	Derevi, Certified Government Employee	142000	96
gc-JErMNVQE	Lisette, Dean of the Root and an Actually Fair Magic Card	152000	127
QhWfH6E_Ugo	What Prossh Are You Allowed to Play? A deckbuilding outline	52000	315
KHEO2HPxj3U	No Ramp Allowed in Maldhound's Pauper Tournament	15000	654
2mHmBlFuiAU	Prossh, the Hungry Hungry Hippo of MTG	136000	94
zjQqQwRqXAw	Jhoira is going to Git U	151000	101
4czybI7nzOA	Zethi, Arcane Hate-Blender	268000	130
jcKsaZv2q5k	Pioneer is saved! The crimes of Karn	40000	206
DipgC6Y-Hh8	Hakbal of the Surging Power Creep	235000	163
O21XwAg_OlM	Bright Palm, Soul Awakener, the king of copy pasting	148000	152
LDDwEupuK6k	Skullbriar’s hands are rated E for everyone	269000	126
H8P4RSMtPtE	The Most Australian Commander, Kathril Aspect Warper	153000	85
dhIsc3MePSY	Blue Braids, because Wizards won’t admit they have a problem	135000	90
LVSfHtQ2q8M	Boryborygomos but he stubbed his toe on a Lego	213000	122
867kCE9bFn4	Fast Mana vs Card Advantage: A Litmus Test for Spike-ness	50000	168
2yyX9nDLxD4	Yennett, Cryptic Sovereign Rigs the Game (and sucks at fighting)	184000	111
Us-i5XDO1W4	Raphael, Fiendish Savior is just an Imposter	189000	88
-NvRKuWOSd8	How Every Color in Magic Cheats (but only Green gets forgiven)	137000	251
9ubBkSelMAc	Why Fast Mana is bad for casual Magic (a short rant)	58000	108
JZHGSHkyF-o	Aurelia, Fairest Cheater of them All	247000	111
VuOUFHC4_Ko	Xolatoyac, the Smiling Ixalan Spoiler	151000	145
AMeYCMUBZtE	Edgar, Charmed Groom, King of Broken Spirits	165000	113
l5zlYuRzbpU	Favorite Fallout Commander (and maybe card ever)	284000	146
Esnyke_G8fg	Be’Lakor, Master of Cheating at Card Games	216000	87
R21FCeaQxi4	General Tazri and How to Be an Ally	127000	93
HQpUYCGwLno	Pauping Off: Why Does Azorius Keep Getting Away With It?	56000	227
SFX0GGkyWsE	Brenard and the Great Bantish Baking show	208000	129
Fhme4U1gYWc	Super Saiyan Frog: How to Win at Pauper	32000	127
CXuLP826HnE	Phage, for when it’s personal	418000	154
D1iv7pbetgw	Fluttershy aka Why I Hate Horses	234000	105
xJPgAaEwHwU	MagicCon Vegas: A Real Kick in the Nards	33000	252
auF5H1Wke8Q	The Green Player W Bridgade (Ixalan spoiler)	101000	99
w9SUjy_asdw	Sefris successfully hides 3 hours of your life	219000	127
YMzYsVA3qTA	Kwain Itinerant Meddler will give you trust issues	176000	82
EqwZDTKrsOU	Jarad and his big powerful sac	164000	115
cJbUugpCD0Y	Torturing MTGA Historic Players with Zombie Hunt	26000	798
NZZaBozWag4	Nethroi, Apex of Sus	206000	136
cF83Q4jd-AU	Why Won’t Karma Stop Stepping On Me	37000	93
c4gwQEiu9jQ	Rin and Seri, Insufferable	218000	85
h-yMivpciew	Zada Won’t Stop Grinding my Hedrons	145000	103
hn3etcvL_iA	Atraxa, Praetor’s Voice	204000	82
KxAxHfRA_I4	Being a Real Hater in League of Legends	27000	99
eUjBfFrmvk4	Ziatora, the MTG Fling Queen	246000	103
TmYU8FJtnlk	Traxos, Scourge of my ribcage	260000	86
TIuT0r5ZLbM	Bruna, the Baddie of Alabaster	165000	84
FR-Pv3jexwQ	What happened to the fast decks? A 5 minute 20 year MTG Meta Overview	43000	325
E8a8enhXuDw	Gyome is only acceptable if you say it like Nyoom	152000	83
pFRcNRPaqzk	Fast Mana, Tutors, and when they make you a Tryhard	63000	186
LtKVjwJz6-0	Captain N’gathrod teaches us what Felony Robbery is	173000	83
iWlE4Z4sBIw	Gale of Waterdeep gets roasted (Baldur’s Gate 3)	31000	119
TxRa3NakdJ0	Why are the Giada players like this?	272000	93
7vmAkoQS9sM	Hazezon, Anakin’s Worst Nightmare	220000	168
upR1Vi-QtxA	Make an enemy for life with Tempo Izzet Bilbo	20000	559
vl8cagKg9u8	Brago, King of Federal Agents and Backup Dancers	158000	84
xNn8WZYNziA	Lazav, Deckbuilding Mastermind?	185000	111
EZ9jFfFx2kE	Urza, Chief of nobody liking him	244000	114
pp4T5kJGdfs	Lonis, Cryptozoologist can’t keep his hands to himself	121000	91
HFQAwMJ_qIw	Yedora would like you to Touch Grass	182000	90
FVHupRACjfY	Lord Windgrace Teaches Us the Dangers of Composting	164000	86
cCEnA0Jf4eY	Malding over the MTG Universes Beyond Drama	43000	336
74vg0-7Jbh0	Thalrog, The True Horse Girl	233000	119
oYdmW3lR5dk	Why The One Ring is the best AND worst MTG chase card	43000	178
pVflsp_DBaI	Arcades, the “Juicy” Dragon and his crimes	221000	98
hEdzWwDP1xA	Why that booster pack is (almost) never worth it	41000	144
uWV76E1f1_Y	Ob Nixilis wants to play a game…	183000	91
4xwhUamyTq8	The Shortest MTG Deckbuilding Guide that is also the best one	136000	144
jJ2DEYlAtq8	On Wednesdays, Firkraag wears pink	233000	95
tOUD34YtzWA	Prosper, Tome Bound aka Felonious Crypto Bro	143000	107
B3d7dpYMZ_4	Ayula makes this game unBearable sometimes	150000	92
dhjcSpMtvd4	Tatyova, Benthic Druid aka ban basic lands	171000	90
Vw7npIgWP88	Arjun, the Roasted Flame has a gambling problem	223000	125
bXA9BwPPvTk	Strut the Commander Catwalk with a $40 Henzie Torre Deck	69000	746
4BUTv0kTy7M	Jodah the…..Yugifier?	183000	83
e608i_QazQI	Cancelling the Beamtown Bullies	367000	111
3vqMIgh4RBQ	Avacyn, Angel of Nope	213000	87
87eC5TKzKr4	The MTG Lifegain Player Tier List	71000	145
hcPTuc8qCeY	How much stax can one player stack? Maldhound Magic Academy	81000	168
Wy94xxoxBD8	How to Henzie all over everyone in your Commander games	147000	268
XQEuE39lrSM	Turning Commander into Boss Rush with Henzie	312000	135
6bPQ8i0OEYE	Who Let Rex Raptor make a Magic card? (Gishath)	252000	86
ctnOzJbH_vw	GitRog’d on	239000	101
59XSMY3v--I	My D&D Group needs to learn a lesson	30000	88
NMMYdpcq0f8	You Better Thrun Fast (MTG Commander Roasting)	227000	93
eNfQKpcCueM	Maralen, please let me out	337000	100
fEj-zSLP3KA	A Fair and Reasonable Review of Sauron, The Dark Lord (MTG)	533000	156
GL_beta4X3w	I will never forgive Vorinclex, Monstrous Raider(MTG Commander Roast)	302000	117
mIP762Zqjcc	I Hate Lanterns (Magic Coach Series: The Modern format)	32000	84
xzH_M2Z3pXE	Edgin saves Izzet Gameplay	227000	122
3iN7dnsBLHU	Emrakul aka Defund Reading	396000	115
-_tvjgQ0iH0	Kaalia of the Vastly Roasted	95000	90
Ijysi2GaHHQ	Maybe the Real Legacy Deck was this Giant Cannon I Found	26000	197
iNH_7mNDr04	Ozbedat, Roast Council	59000	101
8zBmrhlbk5M	You get to cast it how many times? The Only Magic Coach You Need: Storm	40000	129
fiScIgCKQjc	A RESPECTABLE green player, it’s Kamahl’s turn	132000	79
AyL6JEedDck	Who made these bears so angry, and why do I have to pay them taxes?	44000	133
GDYC-IqRCts	The Definitive Elden Ring Ending Ranking	165000	96
wyOpPdUVzrE	Gaslight, Gatekeep, Girlboss, the MTG way	73000	101
MbWgZRb7noo	Bruvac the Grandmilloquent aka Blue Needed It	222000	89
j8O0LIXT_OA	The Green Players Were Right aka the Codie Roast	374000	116
RYFYOu50-rw	The Only Magic Coach You Need: Poison Counters and why you should hate them	37000	90
ZqoOnWtdkC0	Inside the MTG Balance Room: How They Came Up With Ninjutsu	36000	87
Qwyp6fEWkIE	Wayne saves the elderly	4200	88
tVcDNP7sdto	Fynn the Fangbearer is for Haters Only	233000	86
R0iMjA0xRO0	May 2023 MTG Standard bans: what they mean for you	17000	76
UmmNfxiF8B4	Hinata: To Stax or Not to Stax? Study the PP	46000	174
iTskWTBpfxA	What would Stormlight Archive characters look like as Magic the Gathering cards?	27000	162
WvHm7uYDIoY	The Only Magic Coach You Need: The Scoop Lesson	33000	80
ljTNvzy8UI8	All Esper Sentinels is Unbeatable: Wacky Racers MTG	6700	504
XTZOPYnwnFY	The First Sliver, over easy	359000	102
KyRyDmiDocE	Orvar the Ball Form Roast	243000	99
Y6Sk7gEogcc	Maldhound Funky Formats: Treasure Cruise!	34000	144
pskSFEGfYfY	Rakdos, Lord of Riots is king of the grindset	340000	87
MlXSq5L4Fs8	MaldHound Magic Academy: How to read a Magic the Gathering card	52000	160
Swt6VYLzu5o	Baral, Chief of Compliance Commander Roast	191000	91
Z2WBvjTiC7I	The Only Magic the Gathering Coach You’ll ever Need, Ep. 5: Mono Black	33000	70
cZQpNP_9fv8	MTG Commander Masters Precon Commander first looks	131000	162
4yX_TisoL6A	Choosing MTG Colors: How to Make Smack without being smack	56000	162
zpbrKJAfHjA	The Only Magic the Gathering Coach You’ll Ever Need Ep. 4: Mono White	35000	73
zJwTjxvqeYk	Hinata, Dawn Roasted	223000	95
lwgHvJCaZIk	3 ways to ruin a day with Korvold, Fae Cursed King	102000	174
ocsGtII_-k4	The Only Magic the Gathering Coach You Need, Ep. 3: Mono Red	34000	80
jlpIrCUmx5o	Why does Ivy, Gleeful Spellthief go BRRRRR?	76000	172
gYtANWKwd5A	Gluntch the Bestower gets roasted	289000	92
9iVWShZMh3A	MaldHound Stream Highlights: Exposing MTGArena Day 1	2700	1606
WiaidiU1YnM	The Only Magic the Gathering Coach You’ll Ever Need: Ep. 2 Mono Blue	32000	83
OQBljaHVIl8	The Only Magic the Gathering Coach You Will Ever Need, Ep. 1 Mono Green	37000	90
GO5VrlJnivs	Lord Xander is definitely a product of divorce	244000	126
6rU5df7J7vw	The Freebie Diamond Werewolves Deck: How To Lose Friends In Sixty Cards or Less	12000	720
KFd52MJCQ-8	How to Play Morbin' Time, a deck for Losing Friends!	14000	500
q4bBGGaYlXg	Brutal Budget Krenko Commander Deck: How to Lose Friends in Sixty Cards or Less	41000	956
uZZNd_qMIWg	How to Lose Friends in Sixty Cards or Less: MTG Deckbuilding Ep. 2	18000	151
AXexwwz1nMs	The Only Magic the Gathering Coach You Will EVER Need: Mono Green	12000	90
3i2N5sE_NFM	How to Lose Friends In 60 Cards or Less: Poison Counters; a Magic: the Gathering series	20000	174
HNF_r8rxLyE	Wayne opens the Discount Bonkfessional!	1100	157
jBrcFs3gbTY	Wayne’s Discount Bonkporium presents the Final Bubble Boy	1000	94
BW-VPXnizzs	Wayne presents the Bubble Boy 3000	1100	90
iDCxDVW0rxg	Wayne’s Crusade on Lucaria (FINAL)	732	119
WgZ5EfyWXhE	The Bonkfather’s Crusade pt. 3	766	107
fn89i5o-nlo	The Bonkfather’s Crusade Continues (pt. 2)	634	84
maOBsm0MJG8	Wayne’s Discount Bonkporium open a new location!	1100	117
_2kZbM8H5Bg	The Bonkfather’s Crusade Begins!	855	108
X5rtcdgChxo	Wayne Reveals BEST ELDEN BONKER	1100	75
oTm8LysH15Y	Wayne’s Discount BONKPORIUM	2600	86
