KUf2dNnS4eQ	how I get awesome stuff from Japan - JpFans!	3500	NA
1Z7rFsvfq2M	I DONT NEED IT MTG EDITION	9800	NA
BJVAcwgTn_0	Seperate the art from the artist	27000	NA
oovc7UQ5cj4	New Saheeli CEDH!	49000	NA
YrbAsIxxLwI	where do you draw the line?	26000	NA
RsJwsXLa-F4	my new favorite theft commander	5500	NA
QkRkam6312c	new displacer DOG?! MTG REVEAL	3700	NA
_eqJqSDz8eQ	new ob nix in reality fracture	10000	NA
HmKnyVoSVsI	new crazy chaos commander	6800	NA
8NA0ddk1zac	new crazy angel commander baddie	7200	NA
jMy0KOREscA	CEDH NEWEST STAPLE! Reality Fracture set reveal mtg commander	24000	NA
zJxyauBgs1E	probably the most powerful preview card we've seen	65000	NA
B4nFxcFrs2k	new Nissan landfall Commander	28000	NA
Ktz7g-hDAYg	new omnath is insane	26000	NA
ZDRUCr1YYVQ	the first affordable way to auto-sort cards TCG ARCHIVIST	27000	NA
NYr86129XK4	JPN FANS collab soon! magic commander deck!	1900	NA
P6hjQRYF76c	mtg bulk almost k*lls innocent male	15000	NA
ej9AafxujpU	When a crazy person meets a REAL MTG freak.	99000	NA
pzb63EY1tYg	reality fracture INSANE new card reveals	16000	NA
9185bsHbhF4	Play more edicts! mtg COMMANDER best removal	27000	NA
TFxQR0Ew6eI	Do you like REMOVAL?	26000	NA
sCGQCL4o3rc	Who is the best GREEN CEDH Commander?	26000	NA
oIrDOyUDv58	Commander Counter kick back mtg	9100	NA
QuGYIsu0GDA	reanimation gambling with commander mtg	14000	NA
nNmQqK79dOc	A true bard knows more string = more power DND short	5600	NA
ffBWz2X_NTo	Mrs. Bumble flower horror show mtg commander spongebon	5000	NA
LLf49-yXstQ	When your friend board wipes a 3 hours into a game	38000	NA
Q9lX3QSqAn0	New COMMANDER.. isn't a creature, plainswalker or vehicle??	26000	NA
bDV91AdkgXE	Can this mtg card be casual EVER?	15000	NA
W3qy1jZYTD8	This commander CAN'T be bracket 2. Impossible!	306000	NA
8pefJw6sM8c	Turn 3 Ghalta IN STANDARD? do MTG commander players know this?	355000	NA
JuIztd6B6Zg	Who up making MTG decks with they Wife???	3400	NA
O1MaiqpZ3ew	You should play Baron Zeemo!	9900	NA
XYqeUFftr4w	the ambassador program ruined magic content	22000	NA
TfXYCD78cLE	YouTube copywrite is gunna kill my channel	13000	NA
jTJTAGopVRo	proxy or alter? what do you think of my mtg custom commander deck	26000	NA
S0Wyqx_MVFw	seriously MTG Twitter? REALLY?	35000	NA
3Ar71JLkcvI	do you like anime magic commander?	16000	NA
ZoBgvXo1kyg	worst MTG gift possible and it's amazing	70000	NA
iLd833g7jEc	secret lair is now IN PACKS??? zets drama	35000	NA
NwpbwTh1tjE	Do you play Commander with Strangers?	43000	NA
BnqZVy-xLB0	Why wasn't this a commander?	30000	NA
sd0NWjGNO8g	Rite of Flame a Game Changer?	18000	NA
gs7kcxej5VQ	The NEW Wise Moth Man? Better? Homer, The Hermit Leaked Commander	23000	NA
9BjkRWKU1XI	Are Slivers good in commander in 2026?	49000	NA
Oiz0uF-aAnU	Commander players can now win with Battle of wits!	26000	NA
p1POAj2K51c	2 full magic sets for half a collecto box??	31000	NA
jUGgB4xesrw	Why do people HATE my deck??	45000	NA
3mk7TSCo03c	Hullbreacher unban??	21000	NA
eFQm0wGE3RY	I need the bois to say "hell yeah$	6900	NA
3XenC7bOt-c	IS this deck ACTUALLY bracket 3?	32000	NA
39zduta0sEs	mtg dead family #mtg	22000	NA
SqJjRkwE8FI	Bowmaster vs instant death?	31000	NA
0tr9sOWthgI	MTG Stream out of context	3500	NA
MflM8rGMlkI	Lethal combat damage... on the stack? #mtg #commander #edh	10000	NA
Jr7A05bhC2I	History and Hate Bears MTG stax	11000	NA
WJhopTCI-Vg	when your friend plays Vivi too many times #mtg #commander #edh	8200	NA
zlzBLQcngy4	Were these cards meant to exist?	16000	NA
97LX2Dro0dA	MTG + world of Warcraft!!!	5800	NA
hTs6McprE-k	Should This Commaner Be a Gamechanger? Vivi?	5300	NA
9lFlOFwcvSc	What is better? Card draw or Fast Mana  #mtg	4200	NA
usz8E5mcFJU	When The Top 8 is a Mirror Match #mtg	6400	NA
pjwQpTK5aJQ	Cat Pack Luck!! MTG Lorwyn Eclipsed Pack Opening	3500	NA
txJ-tLtb4_k	Godzilla INSANE PULL Favorite Card Finally Found!!	2900	NA
i2wuyVj0ORM	Is this MTG RULE change to commander going to be healthy?	57000	NA
kKYFrqsxZ4s	This should be gamechanger 100%	53000	NA
dUHmy4jo86M	Finally Fixed My Back - E-win Gaming Chairs Code: defcat	1600	NA
in9zs3FZwcU	everything I liked is now popular? what about you?	7000	NA
68MS4eg9F1k	11 new secret lairs announced??? mtg commander #mtg	18000	NA
mzqNkWfSFYE	We should unban Ancestral Recall in EDH!! mtg cedh commander magic the gathering	739000	NA
VtRPcPr3Uls	Can You Guess The Commander? My new Blind Demon Deck! Reanimato EDH Magic The Gathering	11000	NA
hoU-WVKqCGk	Can These Fix The Seat 4 Problem? cedh magic the gathering commander bans	9700	NA
sUuQ9pxWu8A	There is NO WAY they are playing this already LMAOO	7900	NA
sfnBQHEc4Bc	Should You Open Edge of Eternities? Pack No.1 Magic the Gathering Pack Opening	11000	NA
iKFq-hKVuGg	CEDH Shadow The Hedgehog?? MTG COMMANDER	13000	NA
jK6HPi_iUQY	Live Magicon Vegas Collector Booster Opening 1 - Final Fantasy Collector Booster	16000	NA
cGhSSprmrYI	Should You Open Final Fantasy Play Boosters? Pack 16 #mtg	16000	NA
HDOcY6dhFms	Should You Open Final Fantasy Play Boosters? Pack  15 #mtg	16000	NA
QJNQaNbWyIo	Life Is A Highway - MTG Parody	15000	NA
uNJbpZ4ryNY	Should You Open Final Fantasy Play Boosters? Pack 11 #mtg	26000	NA
tcKnTvEoAok	Should You Open Final Fantasy Play Boosters? Pack 10 #mtg	30000	NA
W_mNU7ZLtTI	Should You Open Final Fantasy Play Boosters? Pack 9 #mtg	19000	NA
SkeAl-t833E	Should You Open Final Fantasy Play Boosters? Pack 8 #mtg	17000	NA
wWEy9QDR35U	Is Golbez, Crystal Collector CEDH?	37000	NA
GeKydpXD4IQ	Should You Open Final Fantasy Play Boosters? Pack 7 #mtg	16000	NA
Afe3ELmr_YI	Should You Open Final Fantasy Collector Packs? Pack 1	101000	NA
vqvg_qFCx3E	Should You Open Final Fantasy Play Boosters? Pack 6 #mtg	20000	NA
YdfML3pnjuc	MTG Goes METAL #mtg	1800	NA
rCAzCeFYwas	Should You Open Final Fantasy Play Boosters? Pack 6 #mtg	17000	NA
dksGsolqyWI	Is G'raha CEDH?	14000	NA
WoFdDcOvrOw	Should You Open Final Fantasy Play Boosters? Pack 4 #mtg	18000	NA
VZUKfRuj9JA	Should You Open Final Fantasy Play Boosters? Pack 3 #mtg	210000	NA
dw10MirfRLQ	Y'shtola CEDH? Is it Good? mtg final fantasy	78000	NA
Rmwg4wuRQnU	Should You Open Final Fantasy Play Boosters? Pack 2 #mtg	63000	NA
FRnxY8CrXCw	Should You Open Final Fantasy? Pack 1 Openning #mtg #packopenning	35000	NA
atMqez5afOc	Feel Good Inc. [MTG MUSIC PARODY] #shorts	16000	NA
NhVd5-v0DNA	Should You Open Collector Packs of Aether Drift? MTG	9500	NA
Rws_sFbaS6U	Should you play the Wandering Minstrel CEDH DECK TECH!	29000	NA
VDCbZ0rOD54	Should you open  2 COLLECTOR Aetherdrift? mtg pack opening	21000	NA
ySBwgTQsB_4	KEKFA CEDH does WHAT?! Mtg final fantasy deck tech	38000	NA
ovMHEkp_-6I	Should you open Homelands? MTG	12000	NA
d9MxQVPMMc4	Should You Open Fate Reforged? MTG pack opening #mtg #packopening	7200	NA
_Bp7_fRHInQ	Should You Open Throne of Eldrain? MTG pack opening #mtg #packopening	17000	NA
zEESvhLrb2k	Should You Open Born of the Gods? MTG pack opening #mtg #packopening	15000	NA
jzcOhA-dvO8	Should CEDH Exist? (story time) #short #mtg #cedh	18000	NA
RAkTGvHHJHU	Should You Open Streets of new Capenna? MTG packopening	7100	NA
N0DR8IG_Cn0	Should You Open Myster Aether Revolt? MTG pack opening #mtg #packopening	11000	NA
5SWHQadgJVc	Should You Open Dragons Maze? MTG Pack opening	11000	NA
8ReLzVA49mw	NEW INSANE Final Fantasy Card! Landfall - Rydia, summoner of mist	28000	NA
8WJd6daZacY	(Fatal) Push it to the limit ! MTG Parody song!	20000	NA
zim2EH7Tn_8	Should You Open Myster Booster 1? MTG pack opening #mtg #packopening	14000	NA
qephCY-bAoc	Mulligan Celes Rune Knight - Mardu! CEDH hands MTG #finalfantasy	33000	NA
a3QmgsG4oIY	Should you open COLLECTOR Aetherdrift? mtg pack opening	16000	NA
RDLfcW-7Mb4	Mulligan lessons for VIVI ! CEDH hands MTG #finalfantasy	84000	NA
pd3qQu7XYsw	Should You Open Foundations? MTG Packopening	12000	NA
XAzSy9Tqi30	Bard Has Enough, Skyrm Skit #shorts #fyp	1600	NA
gbs5ATbUpBU	Should You Open Dusckmourn? MTG packopening	7700	NA
YO2MiiX9jYY	TERRA, THE NEW BEST FOOD CHAIN COMMANDER! CEDH #mtg #finalfantasy	64000	NA
e0-yZj7eDgw	Should You Open Innistrad Remasterd? MTG Packopening	7400	NA
C1biaQrR5RI	How To Mulligan NOCTIS, Prince of Lucas ! CEDH hands MTG #finalfantasy	55000	NA
LIWwF_grcPo	Should You Open Outlasws of Thunder Junction? MTG Pack opening	12000	NA
4f-jv9V4lZ8	How To Mulligan VIVI ! CEDH hands MTG #finalfantasy	231000	NA
3kEHuU_p2dM	Somebody I Used To Know (MTG PARODY)	14000	NA
4ks5acBYjso	Should You Open Modern Horizons 3? MTG Pack opening	16000	NA
bji3hT7y9kg	Mono Green CEDH? You Sure Bruh? MTG Skit	262000	NA
E4sjezf_AGc	Should You Open Lord Of the Rings? Magic Pack Opening	9900	NA
5xfe7jIyuv0	Wizard, Wiskey Quest, knight in need - dnd / skyrim meme skit	31000	NA
r3CP4tM0M7c	Should You Open Dragonstorm?  Tarkir packopening mtg	4600	NA
qcoJw9A6tZA	NOCTIS COMBO! Cedh skit MTG #commander	276000	NA
sXaIwYIuCx8	Should You Open Aetherdrift Collectors? MTG Packopening	6100	NA
cAX982hoFUw	ON GOD? do you know how to use that?	2800	NA
aVv6xT2G25g	Should you open Coreset 2014? MTG Packopening #mtg #packopenning	12000	NA
nhCWSoWFTmA	Should you open core set 2013? MTG Packopening #mtg	21000	NA
DOR7yru_WYs	Should You Open Core Set 2012? MTG Pack Opening #mtg #packopenning	6400	NA
rxngggNxLyM	Should you open coreset 2011? mtg pack opening #mtg #packopening	17000	NA
P5sdvFZN7Ec	Should You Open Modern Horizons 3? MTG Pack opening #mtg #packopening	6100	NA
1qcUTTFtRz4	Should you open Aetherdrift Collectors? mtg packopening #mtg #packopenning	3600	NA
evSTb1gEYNc	Should you Open Coreset 2015? MTG Pack Opening #mtg #packopening	10000	NA
exofhg9TFlE	Mega Pack Mondays! 5 packs in one MTG Pack Opening #mtg #packopening	2500	NA
6o9CNzEf2b8	Should you Open Hour Of Devestation? MTG Pack Opening #mtg #packopening	3500	NA
ri4Y8BWRGnc	Should you open Strixhaven? MTG Pack Opening #mtg #packopening	6300	NA
OrM6bx_PYlY	Lets Mulligan Yisan CEDH #mtg #cedh	12000	NA
tmOd2odh-i8	Should you Open Kaldheim? MTG Packopening #mtg #packopening	2400	NA
DzLgwi85SIM	Should you Open Core Set 2014? MTG Packopening #mtg #packopening	11000	NA
ej-hVLT8EaU	How To Combo! Yisan, The Wanderer Bard Combo Tutorial #mtg #combo	5700	NA
wApuCUmOA78	Should you Open Zenidark Rising? MTG Pack Opening #mtg #packopening	2700	NA
_gv-ozSW4Sg	Should you Open Mirrodin Besieged? MTG Pack opening #mtg #packopening	5200	NA
EfgD2A_SzRM	Should you play YISAN? Cedh #mtg	14000	NA
WKrnkoPLUWc	Should you open Aether Drift? MTG Pack Opening #mtg #packopening	6400	NA
5ZU1gfo_Ryg	Should you Open Return to Ravnica? MTG Pack Opening! #mtg #packopening	3200	NA
0JVXylza-Ag	Should you open SCARES OF MIRRODIN? MTG Packopening #mtg #packopening	12000	NA
vt5aI1iUhR8	Should you open Eldritch moon? Pack opening #mtg	8500	NA
9ihWFLCko8s	Should you open Saviors of kamigawa? MTG Pack Opening #mtg #packopening	1800	NA
bv0Bdm_-K8I	Should You Open Aether Revolt? MTG Pack Opening #mtg #mtgpackopening	3500	NA
9_XX8NjzFnA	Should you open Oath of the Gatewatch? #packopening #mtg	7300	NA
KMPbBK2aC3Y	DeadPool CEDH night skit #pwp #mtg #cedh	21000	NA
tjx5WQ4-Ijs	you play DND?! nerd #dnd #dndtiktok	202000	NA
LxNzOl5h_jw	DND wizard Has Had ENOUGH! #dnd #dndtiktok	11000	NA
iaksgDVvyFQ	MONO GREEN STOMPY IS BACK #mtg #mtgpreviews	3000	NA
qtMTr43t6Tk	Never plan too much as a DM #dnd #dndtiktok	13000	NA
VH1v30RbT-4	Ragavan Tribal! Foundation Preview #mtg	13000	NA
ETnW_VzsT2c	Never Lost a game of DND 😤#dnd #dndtiktok	13000	NA
v7GMlCd8BXg	DND "watch for kids" evil wizard #dnd #dndtiktok	14000	NA
YTu3xpCcC-g	MTG Stompy Combo?! #mtg	232000	NA
Wu8PNND0fPI	Is Intelligence is a dump stat #dnd #dndtiktok	16000	NA
YaIL_V9XLMA	english or spanish dnd edition #dnd #dndtiktok	16000	NA
S0ZQpFkNfYg	The worst feeling in commander #mtg #commander	20000	NA
Z7qR_-JX8M8	this DM SUCKS, good luck on reddit #dnd #dndtiktok #dndstories	11000	NA
Rwp89F5eeHw	Best DND Backstory Setup #dnd #dndstories #dndtiktok	21000	NA
sOSRQxPuqbI	DND Wizard picks questionable power... #dnd #dndtiktok	233000	NA
dW3wBSphfHc	The last board Wipe #mtg #commander	21000	NA
f49vUH7WICQ	what SALT LEVEL is your deck? #mtg #commander	88000	NA
sxp_cDJuK9M	Guess the class [dnd comedy skit] #dnd #dnd5e	151000	NA
ZFa9x6pmFOA	Magic player NIGHTMARE - opponent shuffle gone wrong [mtg comedy skit] #mtg #commander	31000	NA
ZDFkQ0gawME	When WOTC comes to commander night [Comedy Skit] #mtg	84000	NA
MtbR8Hi-2EE	Commit Self-bolt  MTG SELF DELETE [comedy skit] #mtg	20000	NA
FF0KVLlNN1A	Who got MANA CRYPT banned... [Comedy Skit] #mtg	778000	NA
pqeEYkHgryU	how to get ready for Shadow of the erdtree Husband edition #funny #eldenring #bandai	456	NA
U6uVrJd9jQY	How I Saved 19k on magic!	3200	NA
