6gngu7WiYN4	He thinks COMBOS are CASUAL - Really Bad at MTG Response Video	NA	853.0
jatwuNmoI7A	How to make Commander 10x more fun with Table Talk	NA	1388.0
LlCbR5oF3dM	You don't know your FAVORITE Magic Card yet - let me help	NA	930.0
i9mZRgztXKo	Reality Fracture COMMANDER Review - Power Creep is Happening to pre-cons	NA	1130.0
elRtq_17kog	Winning a Commander Game Shouldn't Feel Bad MTG [Let's fix that]	NA	1286.0
Tp1fAvWqEsI	The Real Way to find your FAVORITE Colors in Magic Commander	NA	1198.0
ITnxPD3CEmg	Push it to the Limit [Magic Parody] NO AI	NA	108.0
AZ6CruLSw2s	The Trick to finding your FAVORITE Commander	NA	1085.0
zAo_h6qMLwM	Magic has changed: My Personal Story	NA	733.0
lSwXOqNQFWg	How to FIX any Commander Deck	NA	901.0
55XfN8e3Vo8	An Open letter to the COMMANDER Format Panel	NA	1126.0
gpJB4QFEXBY	How to make "YOUR" Commander Deck	NA	612.0
rGLxrCYbwE4	Feel Good Inc MTG Parody [Rhystic Days] NO AI	NA	134.0
L7NMncIsCio	Commander Content Creators are Responsible for this	NA	536.0
fq8x763DxjM	Welcome To Universe Beyond [MTG Music Parody] NO AI	NA	278.0
EpZg8CubVLc	You're being lied to by Magic Creators	NA	532.0
mHLLu9sALnQ	Can a White Deck get TOO much motion? : Commander Kitchen EP.2	NA	2637.0
rQxAk2weu24	The $18 ANIME PROTAGONIST Commander Deck	NA	766.0
b5UGjoqA5-g	WotC Actually Listened. Secret Lair Scalpers Are Cooked AND MORE!	NA	131.0
P0Bb9H294Tk	The Wizard Deck Nobody Can Beat	NA	2681.0
dZCBJyVKwVA	I Made you these HOT Final Fantasy and more Commander Decks	NA	1699.0
Cpn7GTZJ9oQ	My Favorite Lutri Deck - My Rule 0 Lutri Deck is now Legal!	NA	1422.0
DDAQARrEauo	I Build Commander Decks Professionally — Here’s How It Really Works	NA	776.0
-e3H8EneyBc	When To Cut Sol Ring Statistically - Ultimate Commander Guides Preview	NA	752.0
0dBQ581fuWY	My Most Evil Deck Ever Created (worse than stax) - MTG Commander Deck Tech	NA	1375.0
5fnKHq_VcKk	Godzilla Card Game BOX Opening! Crazy Gold Foil Pulls!	NA	2166.0
Tke6a91YS4k	The Reverse mana Curve ... My favorite bracket 3 MTG Commander Deck Tech #MTG #commander	NA	1312.0
xgohOWQF1Dc	Viewer's INSANE deck ideas come to life - MTG Commander Rehab Episode: 1	NA	1553.0
oPMbyqUSIko	The Blind Demon - My Craziest Deck Build Yet - MTG Commander	NA	1502.0
U_V8h79tTwM	The Commander Deck That Plays Itself! The Ultimate Tool Book - Commander Deck Tech MTG EDH	NA	1163.0
4Egnh_suplc	My 26$ Aura Farm Commander Deck - Magic The Gathering EDH Deck Tech	NA	824.0
hQnxgjfcYUQ	How I build Dragons in Commander - Patron Deck Tech! Magic The Gathering Commander Deck	NA	1006.0
-O4Jf6NNb2E	Favorite Commander Deck To Teach " Threat Assessment " - Cool Commander Deck - MTG	NA	884.0
nmmhbybhNf4	My New Favorite Planeswalker Deck! Dech Tech! Patron Sumbitted!  Magic The Gathering Commander Deck	NA	822.0
Pv3lcpo7i1A	CEDH Spider Man Green Goblin Deck Tech - Best Wheel Commander! Magic The Gathering	NA	762.0
-LKhMkIi9nk	Say Goodbye to Proxy cards! Lets Sticker Cube! Deck Collection Tutorial!	NA	494.0
kOBVwA6hbac	My Favorite Commander Deck... A guide to Reverse Landfall	NA	635.0
nUP6rcZtqCU	Sonic 50$ Deck Tech w/ Upgrade Guide - Sonic The Hedgehog Commander Guide - Magic The Gathering	NA	540.0
rvoNZtNseCQ	A Kefka Pre-con w/ UPGRADE GUIDE! final fantasy commander Kefka Court Mage Deck Tech Guide	NA	816.0
7ikjTmScGN0	Shadow The Hedgehog CEDH Deck Tech - SONIC MTG scecret lair commander deck	NA	660.0
lDCagnAAW2M	What it's like to play Mono Black - Life Is A Resource - MTG Parody Music Video	NA	130.0
D32htEItHKc	Golbez, Crystal Collector CEDH Deck Tech - Final Fantasy Commander	NA	844.0
Bnamn1oUog8	Turbo Naus  [MTG METAL Original Song]	NA	126.0
0w5FqwKyVVE	G'raha Tia CEDH? Deck Tech - MTG Final Fantasy	NA	748.0
doPMUODQiLw	Y'shtola, Night's Blessed CEDH Dech Tech - MTG Final Fantasy	NA	652.0
ytssnjHDQuQ	KEFKA, Court Mage Deck Tech! - MTG Final Fantasy	NA	769.0
0VNfJr7iF00	Wandering Minstrel CEDH Deck Tech! final fantasy commander mtg	NA	751.0
-28lFbt79vs	Celes, Rune Knight CEDH Deck Tech - Final Fantasy Commander #fyp #mtg	NA	393.0
EfVPBbLT_-M	CEDH TERRA, Magical Adept - Deck Tech #mtg #finalfantasy	NA	268.0
tWLwA2931rc	Somebody I Used To Know [MTG Parody]	NA	146.0
LeMMR1075AM	VINCENT DECK TECH - 100$ budget CRAZY GOOD [bracket 2 / 3]	NA	325.0
jp5jNDFZ3IE	CEDH NOCTIS deck tech - ESPER BREACH #mtg #finalfantasy	NA	327.0
3XOEUTctO0A	CEDH VIVI! Deck Tech Commander - Final Fantasy Commadner #mtg #finalfantasy PWP Vivi Ornitier	NA	343.0
ASMRViKG5js	Heaviest / Nastiest guitar tone I've ever made + insane riff = Head Bang	NA	136.0
nC8VhwnCavo	The Nastiest Guitar Tone I've Every Created	NA	70.0
1xL0Zn61oQU	Saving Throws Can’t Save You From These Riffs #dnd #dndtiktok	NA	135.0
8pNiFOnV0FA	YISAN THE WANDERER BARD,  CEDH Deck Tech (Frist Place in Swiss!)	NA	1910.0
8GwXGKWHofI	Kill Me	NA	202.0
DoPm-_8YJGg	DefCat - Welcome To The Monarch	NA	194.0
rE257yENWZA	DefCat  -   Yargles Lounge ~  Shuffle Up and Play Season 1	NA	146.0
rXK_CPj_wQo	DefCat  -  Prize Pack ~  Shuffle Up and Play Season 1	NA	158.0
hu7wi7yw9bY	DefCat   -  Welcome To Class ~  Shuffle Up and Play Season 1	NA	204.0
fJEuC0ZCZys	DefCat  -  Side Boarding ~  Shuffle Up and Play Season 1	NA	137.0
_jm1V5kUyjk	DefCat  -  Vibing in the Sunshine ~  Shuffle Up and Play Season 1	NA	173.0
dawwdcllbRo	DefCat  -  One Drop ~  Shuffle Up and Play Season 1	NA	162.0
XKYwIFlCZSM	DefCat  -  Missed Triggers ~  Shuffle Up and Play Season 1	NA	126.0
mHb3hAfl-uM	DefCat  -  Phase Out  ~  Shuffle Up and Play Season 1	NA	134.0
PKytke2oJSc	DefCat  -  Guess I'll Keep Watch  ~  Shuffle Up and Play Season 1	NA	136.0
TRcLq6bkpAU	DefCat  -  Loaders Town  ~  Shuffle Up and Play Season 1	NA	185.0
FgghW7hdTgc	DefCat  -  Ask Your Friends ~  Shuffle Up and Play Season 1	NA	155.0
5NTMWkwzxOU	DefCat  -  Crack A Pack  ~  Shuffle Up and Play Season 1	NA	239.0
0_Y-6j2Fpzs	DefCat  -  I Declare No Blocks ~  Shuffle Up and Play Season 1	NA	132.0
PMXwFWVXt9M	PWP Masterpieces Soundtrack   Seaon 1    l   Dockside for 5	NA	357.0
F_RaHRKwIwA	DefCat - Do Not Be Afraid (Teaser!)	NA	43.0
L7ZojnD2M1E	DefCat - Burn Your Home [HOLIDAY MUSIC SALE]	NA	179.0
SxjuWuLwlVo	Professional Indie Game Soundtrack Composer Attempts to Make a Rap song [feedback wanted]	NA	95.0
GoH7sBwOsmk	Fatal Worship	NA	225.0
Z7lGptSqSMk	Let Me Leave	NA	283.0
DTrCOvRTTPU	Surviving Clever, Not Clean - Hordeville OST [By DefCat]	NA	104.0
pz6f1qy3lTA	Empty party - Hordeville OST [BY DefCat]	NA	71.0
Vvxf8SUfGvI	Tricky Liven - Hordeville OST [By DefCat]	NA	198.0
XYLlKBnc90w	Kindle Sticks - Hordeville OST [BY DefCat]	NA	121.0
zivuM2gU4dY	Silence of the Wolves- Grim [original game soundtrack] Voyage 3	NA	35.0
Vi_nxFUNKcc	Barren - Grim (Original Game Soundtrack) Level 3 - Act 1	NA	496.0
QZmMp6R4gAk	Where it Wills - Grim (Original Game Soundtrack) Voyage Movement 2	NA	89.0
Odg7NFkTcvo	Proceed for you are alone - Grim (Original Game Soundtrack) Level 2 - Act 4	NA	139.0
B1XkVxbLYhA	The Weight of Foreign Flesh - Grim (Original Game Soundtrack) Level 2 - Act 3	NA	180.0
HyBxF9XBVLI	Putrid Synecdoche - Grim (Original Game Soundtrack) Level 2- Act 2	NA	303.0
tcbAvUucAsk	Time In Tyranny- Grim (original Game Soundtrack) [By DefCat]	NA	453.0
iTOFNcZJQik	DefCat - Lunar Killer [Ache] (2021)	NA	287.0
aCpfcdbiZJs	DefCat - Watching Puddles Grow [Ache] (2021)	NA	310.0
ggWIKVaAuvg	DefCat - To The Edge and Back [Ache] (2021)	NA	242.0
KNi5SIOL_I0	DefCat - The Visage [Ache] (2021)	NA	262.0
YCq7QkR_QZI	DefCat - Terror In Elegance [Ache] (2021)	NA	257.0
udGFgoJEIEk	DefCat - Oni Bloodshed [Ache] (2021)	NA	201.0
p32SzwOllhs	DefCat - In Progress [Ache] (2021)	NA	241.0
0AsgDwz7s7A	DefCat - Leviathan's Wrath [Ache] (20201)	NA	202.0
s2NdbbDM7Pg	DefCat - Beautiful Burial [Ache] (20201)	NA	72.0
H7wKvFnpsR4	Sharing Pastures - Grim (original Game Soundtrack) Voyage Track 1 [By DefCat]	NA	122.0
gGgMTy6ZqqQ	Duress Of The Meek - Grim (Original Game Soundtrack) Level 1 - Act 3 [By DefCat]	NA	201.0
M1pBeDm1Lbk	DefCat - High Roll [Riot Mort / Mortdog / Outro / Intro] (Original upload)	NA	103.0
zlXwrzxKDuI	Original League Ranked Theme - RECOMPOSED! [DefCat]	NA	167.0
A0300vMuwoE	Strange, But Home - Hordville (Original Game Soundtrack) [Main Menu Music]	NA	262.0
91eJtYgqgU4	Eutierria - Grim (Original Game Soundtrack0) Level 1 : Limbo, Act 2	NA	253.0
J4SCL9hO8xg	Recursive Tears - Grim (Original Game Soundtrack) - Level 1 : Limbo act-1	NA	462.0
35BZrzYKEZc	DefCat Indie Game Composer 2020 Music Reel [HUGE GENRE RANGE]	NA	452.0
iJlOaV152kA	Album Cat Commentary #1 - Cosmos: Escape From Freedom (Original Game Soundtrack)	NA	2585.0
uAYvMPXWp3I	DefCat - Proceed, For You Are Alone... [music video] (Grim Original Game Soundtrack)	NA	138.0
B2thgMCn2Ls	DefCat - You (Don't) Matter l Coda: A Harmonian Saga OST (2018) [6/6]	NA	301.0
CQFHd-W6_0M	DefCat - Worthless l Coda: A Harmonian Saga OST (2018) [5/6]	NA	197.0
zyKaYQRj6FI	DefCat - Senile Mis-Direction l Coda: A Harmonian Saga OST (2018) [4/6]	NA	166.0
oTyuGrRkH1o	DefCat - Senile Direction l Coda: A Harmonian Saga OST (2018) [3/6]	NA	190.0
pr1TtSp6Zqw	DefCat - Brotherly Hatred l Coda: A Harmonian Saga OST (2018) [2/6]	NA	229.0
tN97IBHrcJA	DefCat - Da Capo l Coda: A Harmonian Saga OST (2018) [1/6]	NA	155.0
wmabYrGVJvU	DefCat - Seeping l Subsistence (2019) [9/9]	NA	381.0
u69T6PXqtKY	DefCat - End Game l Subsistence (2019) [6/9]	NA	303.0
fHg2Sh3P61M	DefCat - Present Time l Subsistence (2019) [4/9]	NA	264.0
e3o_w4O6vvM	DefCat - Fearing Fun l Subsistence (2019) [2/9]	NA	333.0
XV8UtxB7PdY	DefCat - Quiet Conversations l Subsistence (2019) [8/9]	NA	238.0
SjLDO6dj7c8	DefCat - Reason Enough l Subsistence (2019) [3/9]	NA	275.0
MR7VsmpJFFk	DefCat - 2006 l Subsistence (2019) [1/9]	NA	303.0
Kwte1knR3-g	DefCat - Saying Never l Subsistence (2019) [5/9]	NA	215.0
GWsshFFDf2U	DefCat - Reality Course l Subsistence (2019) [7/9]	NA	268.0
EFTr2xEpDW8	DefCat - It's Ok To Smile l Brain Crusade (2018) [10/10]	NA	264.0
myjxrJU8pQo	DefCat - Proper Isolation l Brain Crusade (2018) [9/10]	NA	195.0
5KpEsXZzoK4	DefCat - Remedy of the Fearful l Brain Crusade (2018) [8/10]	NA	270.0
imqndKtdshc	DefCat - Dark Room and Bright Eyes l Brain Crusade (2018) [7/10]	NA	240.0
Hf5rdu-43jU	DefCat - I Drowned In The Fire From Which You Were Saved l Brain Crusade (2018) [6/10]	NA	204.0
4nwqB03UBmI	DefCat - Angelic Bloodshed l Brain Crusade (2018) [5/10]	NA	203.0
xmqx7gO3hBU	DefCat - Token Revenant l Brain Crusade (2018) [4/10]	NA	234.0
a8RnOzA2ris	DefCat - Scalding Eyes l Brain Crusade (2018) [3/10]	NA	154.0
Kv7v_eGWsXA	DefCat - Dreadful Trance l Brain Crusade (2018) [2/10]	NA	216.0
UyMizzysWno	DefCat - Emotional Hemorrhage l Brain Crusade (2018) [1/10]	NA	258.0
zulZBD8vzG4	DefCat - Fitting in the Silence l Cosmos: Escape From Freedom OST (2020) [8/15]	NA	162.0
y02f_kM1ew0	DefCat - Loading Why l Cosmos: Escape From Freedom OST (2020) [6/15]	NA	188.0
elNZHCeuakg	DefCat - Celestial Inferno l Cosmos: Escape From Freedom OST (2020) [12/15]	NA	208.0
baH5pLyVuh0	DefCat - The Man Who Feel From Earth l Cosmos: Escape From Freedom OST (2020) [13/15]	NA	214.0
CrdGjWk70zo	DefCat - Painful Idol Eyes l Cosmos: Escape From Freedom OST (2020) [14/15]	NA	159.0
qWKDmRu_xj4	DefCat - Cosmic Cantina l Cosmos: Escape From Freedom OST (2020) [1/15]	NA	155.0
mJXEKXsxAk0	DefCat - Reboot Needed l Cosmos: Escape From Freedom OST (2020) [9/15]	NA	181.0
La3emLH-7YQ	DefCat - Goodbye My old Self and Friend l Cosmos: Escape From Freedom OST (2020) [15/15]	NA	66.0
JEUwLtYDCVY	DefCat - Mach 5 l Cosmos: Escape From Freedom OST (2020) [3/15]	NA	221.0
h3OcgKgPiEI	DefCat - Dance With the Aurora Dragon l Cosmos: Escape From Freedom OST (2020) [4/15]	NA	120.0
M-cX-F6QLHk	DefCat - A Day Without the Sun l Cosmos: Escape From Freedom OST (2020) [5/15]	NA	178.0
Gm4TH7XX1OI	DefCat - Midas Rain l Cosmos: Escape From Freedom OST (2020) [11/15]	NA	138.0
E6VAv-vXnfU	DefCat - Falling Amongst Stars l Cosmos: Escape From Freedom OST (2020) [10/15]	NA	138.0
MkZ9h2QdtKI	DefCat - Blood Sweat and Ether l Cosmos: Escape From Freedom OST (2020) [2/15]	NA	241.0
CBkbq0ra5Qs	DefCat - Anointment of a Shameful Crown l Cosmos: Escape From Freedom OST (2020) [7/15]	NA	155.0
DwEX9kMuAs4	DefCat Music Reel	NA	258.0
ID4jCgjh45s	Hotel Noir : A Cardboard Caper OST	NA	1743.0
83wpvGh4wBs	DefCat - The Shrimpson Boys [FULL ALBUM]	NA	1521.0
eM294hF9sLs	It Finally Happened! [working w/ label]	NA	80.0
b10eR17EHEA	DefCat - 100 Cranes l  Orochi song full, orchestral composition - Season 6 hype	NA	123.0
fknq4hRNqng	MY NEW ALBUM IS OUT NOW (Brain Crusade & Legacy Album)	NA	39.0
6N_Algy7tlc	DefCat - Emotional Hemorrhage [Brain Crusade] (album preview)	NA	259.0
i7-W7uNfdMg	DefCat - arc [Cancelled Project]	NA	204.0
xSYDRZnlQgc	DefCat - Father [Cancelled Project]	NA	221.0
C9ij__61Z9A	DefCat - Bind [Cancelled Project]	NA	196.0
QKxryvu3A70	DefCat - ok relax [Cancelled project]	NA	197.0
fdEhCTZ__2Y	DefCat - Unit 1 time [Cancelled Project]	NA	152.0
fyvy59rQieE	DefCat - exploring 2 [Cancelled Project]	NA	502.0
x_zOUN9Vp8g	DefCat - we all die soon too [cancelled project]	NA	140.0
MzcaxZRGmos	DefCat  - dmva [cancelled project]	NA	186.0
KzKgAa3Jxpw	DefCat -  Forever and Never [cancelled project]	NA	190.0
EgiOyE-nbIQ	DefCat - Shamada-beatdown [Arikadou Commission]	NA	211.0
yUxHbOVGJcY	DefCat - Samsa [cancelled project]	NA	125.0
SRwz5FYxz5k	DefCat - combat loop [cancelled project]	NA	205.0
z10TKvPIcVU	DefCat - Jazz Punk [commission]	NA	74.0
BrzsRkKb3us	DefCat - TRM Sunshine Background song 4 [Commission]	NA	122.0
bsz7r7hWzJ0	DefCat - lyn song 1 [Commission]	NA	97.0
MvUvSLD_Zdc	DefCat - outro song for dragon [Commission]	NA	75.0
Svk4dpdxzl0	DefCat - TRM Sunshine Background song - 7 [Commission]	NA	73.0
jWKL_uot7xg	DefCat - TRM Sunshine Background song - 6	NA	121.0
uZu1Q4DjncI	DefCat - TRM Sunshine Background song - 5	NA	121.0
b0qPPEhyY8c	DefCat - Foresight [Distant]	NA	176.0
E2kj2ZiqZ38	DefCat - Leviathan [Leviathan]	NA	213.0
2FwUQPj3qmQ	DefCat - Blank messages [Distant]	NA	213.0
BlUyVUBsGgA	FERVOR ALBUM IS OUT!	NA	101.0
9nIt8cl8a7U	DefCat - The Power of Fear [Buried Up-Side Down]	NA	361.0
BhLxeGGWfSY	DefCat - Sunshine Background 3 [Commission]	NA	118.0
oR6hisqtvxM	DefCat - Call on me for honor [commission re-write for Trinimmortal]	NA	91.0
Z-gJEzAGcXY	DefCat - Sleeping Past Ten [commission for Youtube Explained]	NA	221.0
My-tWBKafK8	DefCat - Importance	NA	208.0
tz4tk-PJyu8	DefCat - Complacency [Commission for SudoStef]	NA	138.0
bMmujV7eztQ	DefCat -  LCL	NA	223.0
XqLZSU9ENWU	DefCat - TRM Sunshine Background song 2	NA	116.0
2ly6vhyol7A	DefCat - Happy Island	NA	236.0
2opuoi0jjZw	DefCat - Ever Since The Rain [Distant]	NA	223.0
nExCZYhS-qM	DefCat - SaltyCat (Salty Phish Commission)	NA	193.0
NXeNi0QF_z8	DefCat - Unfit Personality [Buried Up-Side Down]	NA	254.0
Uvbt4xfvdl0	DefCat - Was it worth it [Fervor]	NA	239.0
tu6_seU4IjA	DefCat - Trinimmortal Dj Sona Commission [made from the ground up]	NA	224.0
RLcUsmDGYpY	DefCat - Work Day [Distant]	NA	255.0
B9ZW01pTGxI	DefCat - Hollow Victory [Leviathan]	NA	224.0
ofUOZvXLvRs	DefCat - Muto v2 [Fervor]	NA	281.0
IUkzyxEBwrM	DefCat - psychoneurotic [Leviathan]	NA	208.0
jKEyw4n5OLU	DefCat - TRM Sunshine Background Song 1	NA	255.0
JHXLGJCML9E	DefCat - Backline Charecter [fervor]	NA	257.0
52ZlI50GK-s	DefCat - Buried Up-Side Down [Buried Up-Side Down]	NA	253.0
CnrcB4nqVds	DefCat - Limit breaker [UberDanger commission - push it to the limit remix]	NA	126.0
anU_6NVJ7ZY	DefCat - They Thought Diffrent [Fervor]	NA	179.0
f1jhaskTL2Q	DefCat - more or less [Leviathan]	NA	215.0
ZU2ZU1kxrPs	DefCat - Pour [Distant]	NA	158.0
NmLRoBNuQMI	DefCat - Trace [Buried Up-Side Down]	NA	301.0
kF3huiN2TcI	DefCat - Z [The Shrimpson Boys]	NA	281.0
VxFREof9t64	DefCat - Horizon [Leviathan]	NA	252.0
RhB74J03Z_Y	DefCat - We Play On [Fervor]	NA	257.0
DfAI0we3HqM	DefCat - Red [The Shrimpson Boys]	NA	199.0
vxeOLR2699o	DefCat - Giberish [Distant]	NA	168.0
SSxb93EUYjc	DefCat - Any Way but Forward [Buried Up-Side Down]	NA	169.0
0RwkVZCSqj4	DefCat - A Long Journey [Leviathan]	NA	200.0
jZ5s4xPHzNI	DefCat - Heart of Hearts [Fervor]	NA	196.0
9oY51IssdjY	DefCat - Teanna [ Distant]	NA	259.0
Pc3QQlcWXAE	Defcat - Joji [The Shrimpson Boys]	NA	229.0
WSbDWHIUp-k	DefCat - Acceptence [Leviathan]	NA	245.0
J_QzjLnLjK4	DefCat - Happy to be Mad [Buried Up-Side Down]	NA	259.0
Y-mZPJsaHFQ	DefCat - Chell [Fervor]	NA	172.0
cCNRlTWlzvA	DefCat - Deaf Audition [Distant]	NA	190.0
QweIfnQvlvQ	DefCat - Distance [Buried Up-Side Down]	NA	166.0
Zalv8Fd0rbI	DefCat - h3h3 [The Shrimpson Boys]	NA	139.0
cH8E0bGAxuM	DefCat - Rock tech [Leviathan]	NA	216.0
RweVmOZXcK0	DefCat - Buzz [Fervor]	NA	226.0
KuEiDJsb3LQ	DefCat - A War is Coming [The Shrimpson Boys]	NA	220.0
DCm_7eofR5Q	DefCat   Who Am I And Why Do I Matter [Distant]	NA	149.0
zzrc4oxZIbU	DefCat - Idol [Buried Up-Side Down]	NA	266.0
ru_jGHKAXnw	DefCat - It's Alive [Leviathan]	NA	176.0
zKg3LtKZm3c	DefCat - Lonely Rage [Fervor]	NA	188.0
2RLE28piLmY	DefCat - Content Cop [The Shrimpson Boys]	NA	161.0
p88937iu-Zg	DefCat - Yesterday [Distant Album]	NA	241.0
DqitcES08cQ	DefCat - Happy with you [Leviathan]	NA	148.0
eMawTw0p3-k	DefCat - They Thought Diffrent [Fervor]	NA	181.0
GY-Cj1a7EFI	DefCat - Tobias Fate [PHASE 2] (TOBIAS FATE OFFICIAL THEME SONG!)	NA	169.0
4soO-2QXy3g	DefCat - Tobias Fate (TOBIAS FATE OFFICIAL THEME SONG!)	NA	169.0
GTW7qpvHhBE	Defcat - DefCat [Shrimpson Boys]	NA	181.0
-qRgq2m5EU0	DefCat - Vehement [Buried Up-Side Down]	NA	199.0
tPHn5Rq0puc	DefCat - Vacant Tomb [Distant]	NA	216.0
FuGdUQMSlL4	DefCat - Unresponsive [Leviathan]	NA	227.0
8i_5SdKp_7I	DefCat - Akida [Fervor]	NA	204.0
TgOBONOBFmc	DefCat - We Play On	NA	251.0
iYve4pOl0KI	DefCat - Ready To Go	NA	226.0
U9LmOL0n8Eo	Assault on the Necrospire OST - Ravage (By DefCat)	NA	347.0
6sv-fZ7Uosg	DefCat - Linger	NA	213.0
cTPdnPvqTJY	DefCat - Heart of Hearts	NA	194.0
8g57wV3ekyg	Assault on the Necrospire OST - Lost In (By DefCat)	NA	281.0
NSCeg_ECjIA	Assault on the Necrospire OST - Far'n Large (By DefCat)	NA	235.0
iQJLN2G3fAc	DefCat  -  Cchel	NA	172.0
bdDtwnvg00Y	DefCat - Akida	NA	190.0
sVI7LNCgf3s	DefCat - Giberish [Distant]	NA	166.0
rlLM4C_Foug	DefCat - Work Day [Distant]	NA	180.0
dxeEhDwkRTk	DefCat - Чара	NA	111.0
BHBv2zLBUnQ	DefCat - Limit Breaker (for Uberdanger)	NA	121.0
yMrpDcNmqIY	DefCat - h3h3 [The Shrimpson Boys]	NA	136.0
-8-Z6ugg34Y	DefCat - Binding of Defcat	NA	196.0
f9MpAgTW0N0	DefCat - Reality	NA	151.0
Asi8LiPCLWA	DefCat - TRM Sunshine Background Music 2 [Commission]	NA	116.0
jlwq1G7Wxjw	Update Video	NA	40.0
3pNdTJHVYvU	DefCat - Blank Messeges [Distant]	NA	212.0
TGBWsHi6u_M	DefCat - Who Am I And Why Do I Matter [Distant]	NA	146.0
IojIOgpNKJE	DefCat - Muto v.2	NA	281.0
-dkwtaYiu4Y	DefCat - LCL [Commission]	NA	222.0
JjrJlypJFUQ	DefCat - Acceptance [Buried Up-Side Down]	NA	245.0
uaa4s3BJaLU	Distant - Ever since the rain [Distant]	NA	224.0
i1cz9hEYrkk	Assault on the Necrospire OST -  Bare	NA	356.0
fMhjLdQonjU	Assault on the Necrospire OST - Tomorrow's Today (By DefCat)	NA	203.0
dYkpPZ2P0qA	DefCat - Unit 1 Time [Random]	NA	152.0
Hi8eKLc8y1c	DefCat - Happy Island [Commission]	NA	223.0
BbbmVFMUIJ0	DefCat - Yesterday [Distant]	NA	243.0
b-rcnQawi_A	DefCat - Joji [The Shrimpson Boys]	NA	230.0
aMFCWBuh7Fo	DefCat - Distance [Buried Up-Side Down]	NA	166.0
El0X2tgUBLQ	Assault on the Necrospire - Stuttered Silence (by DefCat)	NA	178.0
Ij3GbZDl_BM	Assault on the Necrospire - Narration (by DefCat)	NA	224.0
Cw5GyAzvcb4	DefCat - BUZZ [Royalty - Free Edit Music]	NA	226.0
eI4zUIOeUCE	DefCat - Blank Messages [Distant]	NA	213.0
A8Sv5I57prE	DefCat - More or Less [Leviathan]	NA	215.0
GR1Kh-E0B1g	DefCat - Trace [Buried Up-Side Down]	NA	240.0
y6op1-G0trI	DefCat - Z [The Shrimpson Boys]	NA	270.0
xL5vhCoHCfo	Assault on the Necrospire - Grief (by DefCat)	NA	215.0
4OdY96yDCaA	Assault on the Necrospire - Full Trailer Song (by DefCat)	NA	103.0
9YeRZBbj1as	DefCat - Was it Worth it [Royalty-Free Music]	NA	238.0
vR9chbYOrtM	DefCat - Coco Pops [Buried Up-side Down]	NA	237.0
L8-RyjtW3lc	DefCat - Hollow Victory [Leviathan]	NA	203.0
XK-uw1Ssh7o	DefCat - It's Alive [Leviathan]	NA	176.0
CK68KlAiwis	DefCat - Happy with you [Leviathan]	NA	148.0
V0ip4_MwjaU	Assault on the Necrospire - Dance with the Necromancer (by DefCat)	NA	272.0
VOqOFACDY0o	Assault on the Necrospire OST - Floored (by DefCat)	NA	130.0
3wj6zOlJ1Ps	DefCat - Backline Charecter [Fervor]	NA	257.0
VOEMyhuWaJ0	DefCat - Deaf Audition [Distant]	NA	201.0
r5laW4lcsRA	DefCat - Foresight [Distant]	NA	175.0
tFrkREnFZsM	DefCat - Vehement [Buried Up-Side Down]	NA	197.0
H7ducbGOcAI	DefCat - The Power of Fear [Buried Up-Side Down]	NA	360.0
GebeJS6Nccg	Assault on the Necrospire OST -  Crawler (By DefCat)	NA	159.0
ciHJW0o7PEY	Assault on the Necrospire OST -  Corners (By DefCat)	NA	209.0
GYNbAxLP8hQ	DefCat - Langley Soryu [Commission]	NA	210.0
rv1DrF1aOBs	DefCat - Vacant Tomb [Distant]	NA	216.0
8mQidXZLJQo	DefCat - Teanna [Distant]	NA	259.0
hV1qL-CNFi0	DefCat - Leviathan [Leviathan]	NA	210.0
3fIyg0V1fXQ	DefCat - The Shrimpson Boys [The Shrimpson Boys]	NA	204.0
qBdlzzanQps	Assault on the Necrospire OST -  Brimhaven (By DefCat)	NA	147.0
cgz_AcDasRA	DefCat - Trainer Tips Chip Tune 2 [Commission]	NA	178.0
cKUv8IwDL_E	DefCat - Trainer Tips Chip Tune 1 [Commission]	NA	142.0
-oji2S91CZU	DefCat - Muto	NA	272.0
0gBdPEQJ9og	DefCat - Buried Up-Side Down [Buried Up-Side Down]	NA	248.0
Ujw89zjc0zA	DefCat - Rock Tech [Leviathan]	NA	212.0
u5b72eR-e60	DefCat - Distill [The Shrimpson Boys]	NA	159.0
C2_KI3rebIs	DefCat - A War is Coming  [The Shrimpson Boys]	NA	225.0
xQWFm-jhfmw	Assault on the Necrospire OST - Burial Rights (By DefCat)	NA	261.0
eLJufnG0yfI	Fytch - In These Shadows 8-bit Cover / Remix (By DefCat)	NA	272.0
5782-ZGCnmI	DefCat - We Thought Different [Fervor]	NA	181.0
1ndqlVjQhfs	DefCat - Content Cop [The Shrimpson Boys]	NA	160.0
k5SWXav1iIk	DefCat - Horizon [Leviathan]	NA	252.0
d8Yyi13yZxg	DefCat - Psychoneurotic [Leviathan]	NA	207.0
XtSoS89sqNg	DefCat - A long journey [Leviathan]	NA	197.0
3jwKvKZDqCE	DefCat - Plex [fervor]	NA	273.0
RLzNZIreNqM	DefCat - Pour [Distant]	NA	149.0
zf0dW8BuGvQ	DefCat - Happy to be Mad [Buried Up-Side Down]	NA	257.0
xii2zETNyRM	DefCat - Unresponsive [Leviathan]	NA	228.0
3o6HBsQfJDU	DefCat - ~ DefCat ' [The Shrimpson Boys]	NA	181.0
sripuQXhg9U	DEFCAT CHANNEL REVAMP! HUGE UPDATE!	NA	324.0
zhepMe1mcfg	DefCat - Limit Breaker (for UberDanger)	NA	126.0
AwNJ0EpL3W8	DefCat - H3H3 [The Shrimpson Boys]	NA	141.0
Nkl6zpu5lZM	DefCat - ~ DefCat ' [The Shrimpson Boys]	NA	182.0
Mja3CUys1sw	DefCat - Joji [The Shrimpson Boys]	NA	217.0
mnh3GslkyMg	DefCat - Widowmaker (Overwatch Classical Piano)	NA	164.0
NPxE6OtV5Xs	DefCat - Time to Kill (Reaper Metal)	NA	118.0
wj57c3Dfejo	DefCat - Lucio Tribal (Original EP)	NA	182.0
jdmJNIbu5oo	DefCat - Talk Time (UberDanger Background Music)	NA	180.0
r7H5gYVxtJw	DefCat - Coco Pops (ft. UberDanger) [Explicit]	NA	252.0
bwI1qSjZJfA	DefCat  - The Power of Fear [Buried Upside-Down] (original EP)	NA	340.0
UEXfgxQtQ_g	DefCat vs Mega Satan (original song)	NA	151.0
BPrwhfzqSwY	DefCat - It's Alive [official release] (original EP)	NA	174.0
TK1lipTCeCc	DefCat - Rock Tech [official release] (original EP)	NA	220.0
6vnH7zdWXDU	DefCat - Happy With You  [official release] (original EP)	NA	151.0
IkUUJEgq4do	DefCat - Hollow Victory [Official Release] (Original EP)	NA	173.0
UnM33DhArjE	DefCat - More or Less [official release] (original EP)	NA	146.0
peg9r9VcHoo	DefCat - Psychoneurotic [Official Release] (Original EP)	NA	204.0
mrIbE6UiiBc	DefCat - Unresponsive [official release] (Original EP)	NA	220.0
JDs1uhe76tA	DefCat - Acceptance [official release] (original EP)	NA	266.0
qDFoy5yDfUM	DefCat - A long journey [official release] (original EP)	NA	206.0
UZN8TfiDOgw	DefCat - Horizon [official release] (original EP)	NA	243.0
n3NcM1eNYvA	DefCat - Leviathan [official release] (original EP)	NA	161.0
